Symbol,Date,Open,High,Low,Close,Volume
DEL,14-Apr-2008,34.25,42.40,34.10,39.50,6308500
DEL,15-Apr-2008,40.05,40.45,37.55,37.55,1500500
DEL,16-Apr-2008,35.75,36.35,35.70,35.70,937000
DEL,17-Apr-2008,36.50,37.45,36.15,36.50,2607500
DEL,18-Apr-2008,36.80,36.85,34.75,35.50,1199500
DEL,21-Apr-2008,35.55,35.70,34.10,34.10,649500
DEL,22-Apr-2008,34.10,34.10,32.40,32.50,721500
DEL,23-Apr-2008,32.60,32.65,30.90,30.90,599000
DEL,24-Apr-2008,30.20,32.05,29.85,30.00,1109500
DEL,25-Apr-2008,30.20,30.80,29.25,30.55,515500
DEL,28-Apr-2008,30.45,30.95,29.50,29.75,412000
DEL,29-Apr-2008,29.51,29.80,28.27,28.27,393000
DEL,30-Apr-2008,28.35,28.35,26.86,26.86,444500
DEL,02-May-2008,27.10,28.20,26.25,28.20,695500
DEL,05-May-2008,29.30,29.40,27.00,27.28,915500
DEL,06-May-2008,27.65,27.65,25.92,26.05,412000
DEL,07-May-2008,26.25,26.60,25.52,26.50,248500
DEL,08-May-2008,27.10,27.40,26.00,26.20,377500
DEL,09-May-2008,25.80,26.70,24.90,25.10,349500
DEL,12-May-2008,24.36,25.20,24.25,25.20,364000
DEL,13-May-2008,25.25,26.46,25.00,26.46,681500
DEL,14-May-2008,26.60,27.40,26.00,26.66,705000
DEL,15-May-2008,26.87,27.99,26.31,27.99,1090000
DEL,16-May-2008,27.90,28.40,27.25,27.50,1185500
DEL,19-May-2008,27.70,27.75,26.13,26.13,424500
DEL,20-May-2008,25.25,26.20,24.85,25.28,374000
DEL,21-May-2008,25.80,26.15,25.05,25.45,243000
DEL,22-May-2008,25.70,25.78,24.18,24.25,321000
DEL,23-May-2008,23.04,23.10,23.04,23.04,209500
DEL,26-May-2008,21.89,21.89,21.89,21.89,56000
DEL,27-May-2008,20.80,22.98,20.80,22.30,454500
DEL,28-May-2008,22.69,22.80,21.19,21.19,154000
DEL,29-May-2008,20.14,20.14,20.14,20.14,31500
DEL,30-May-2008,19.14,20.00,19.14,19.14,269000
DEL,02-Jun-2008,18.70,19.35,18.40,18.88,164500
DEL,03-Jun-2008,18.95,19.88,18.90,19.88,401500
DEL,04-Jun-2008,20.88,20.88,20.88,20.88,20500
DEL,05-Jun-2008,21.92,21.92,21.21,21.92,420000
DEL,06-Jun-2008,22.40,22.40,21.01,22.10,320500
DEL,09-Jun-2008,22.00,22.20,21.00,21.00,160500
DEL,10-Jun-2008,20.15,20.99,20.15,20.88,137500
DEL,11-Jun-2008,20.55,21.44,20.55,21.00,109000
DEL,12-Jun-2008,21.91,21.91,21.00,21.06,195000
DEL,13-Jun-2008,20.94,21.10,20.76,21.00,114000
DEL,16-Jun-2008,20.80,20.85,19.95,19.95,197000
DEL,17-Jun-2008,19.25,19.50,18.95,19.30,128000
DEL,18-Jun-2008,19.45,19.60,18.35,18.36,89500
DEL,19-Jun-2008,18.65,18.65,17.36,17.36,149000
DEL,20-Jun-2008,18.20,18.25,16.36,16.74,164000
DEL,23-Jun-2008,16.25,16.25,15.74,15.74,119000
DEL,24-Jun-2008,16.89,17.31,16.01,17.31,94000
DEL,25-Jun-2008,18.30,18.60,17.50,18.10,182500
DEL,26-Jun-2008,18.10,18.10,17.92,17.92,28000
DEL,30-Jun-2008,17.75,17.75,17.75,17.75,4000
DEL,01-Jul-2008,17.58,17.58,17.58,17.58,12500
DEL,02-Jul-2008,17.41,17.41,17.41,17.41,1000
DEL,03-Jul-2008,17.24,17.24,17.24,17.24,1000
DEL,04-Jul-2008,17.07,17.07,17.07,17.07,500
DEL,07-Jul-2008,17.07,17.07,17.07,17.07,2500
DEL,08-Jul-2008,16.90,16.90,16.90,16.90,12000
DEL,09-Jul-2008,16.74,16.74,16.74,16.74,25500
DEL,11-Jul-2008,16.42,16.42,16.42,16.42,5000
DEL,14-Jul-2008,15.42,15.42,15.42,15.42,73000
DEL,15-Jul-2008,14.45,15.05,14.42,14.42,205500
DEL,16-Jul-2008,13.46,13.65,13.42,13.42,98500
DEL,17-Jul-2008,12.42,12.70,12.42,12.42,171500
DEL,18-Jul-2008,11.60,13.15,11.60,12.33,61000
DEL,21-Jul-2008,11.62,12.14,11.33,12.05,134500
DEL,22-Jul-2008,11.98,13.05,11.90,13.05,87500
DEL,23-Jul-2008,13.90,14.05,13.70,14.05,156000
DEL,24-Jul-2008,14.98,15.05,14.20,15.05,245500
DEL,25-Jul-2008,15.70,16.05,15.55,16.05,209500
DEL,28-Jul-2008,15.90,15.90,15.05,15.05,49500
DEL,29-Jul-2008,14.05,14.50,14.05,14.20,246000
DEL,30-Jul-2008,14.45,15.20,14.45,15.20,114000
DEL,31-Jul-2008,15.45,15.45,14.32,14.60,106000
DEL,01-Aug-2008,13.90,14.05,13.60,13.60,107500
DEL,04-Aug-2008,12.76,13.15,12.60,12.60,151000
DEL,05-Aug-2008,12.80,13.50,12.00,13.49,115500
DEL,06-Aug-2008,13.05,13.40,12.49,12.49,64500
DEL,07-Aug-2008,11.52,12.79,11.51,12.28,148500
DEL,08-Aug-2008,11.70,12.45,11.60,12.39,93500
DEL,11-Aug-2008,12.45,13.39,12.45,13.07,201500
DEL,12-Aug-2008,13.25,13.25,12.25,12.25,87500
DEL,13-Aug-2008,12.05,12.45,12.00,12.29,44000
DEL,15-Aug-2008,12.00,13.00,12.00,12.99,51000
DEL,18-Aug-2008,13.20,13.99,12.80,13.99,180000
DEL,19-Aug-2008,14.50,14.95,14.30,14.49,168500
DEL,20-Aug-2008,13.60,13.90,13.49,13.49,40500
DEL,21-Aug-2008,12.70,13.30,12.70,12.79,27500
DEL,22-Aug-2008,12.16,12.64,12.16,12.50,35500
DEL,25-Aug-2008,12.30,12.57,11.50,11.65,97000
DEL,26-Aug-2008,12.00,12.20,10.80,10.95,62000
DEL,27-Aug-2008,10.50,11.00,10.00,10.25,132500
DEL,28-Aug-2008,11.05,11.05,10.40,10.62,35500
DEL,29-Aug-2008,10.95,10.95,10.25,10.26,52000
DEL,01-Sep-2008,10.25,10.30,10.25,10.25,34000
DEL,02-Sep-2008,10.25,10.25,10.25,10.25,2000
DEL,03-Sep-2008,10.25,10.25,10.25,10.25,24000
DEL,04-Sep-2008,10.25,10.25,10.25,10.25,2500
DEL,05-Sep-2008,10.25,10.44,10.25,10.35,67000
DEL,08-Sep-2008,10.70,10.70,10.25,10.25,60000
DEL,10-Sep-2008,10.25,10.25,10.25,10.25,76500
DEL,11-Sep-2008,10.25,10.25,10.25,10.25,1000
DEL,12-Sep-2008,10.25,10.25,10.25,10.25,500
DEL,15-Sep-2008,10.25,10.25,10.25,10.25,1500
DEL,18-Sep-2008,10.25,10.25,10.25,10.25,10000
DEL,26-Dec-2008,9.25,9.25,9.25,9.25,2000
DEL,29-Dec-2008,8.25,8.25,8.25,8.25,1500
DEL,02-Jan-2009,7.25,9.00,7.25,7.25,386500
DEL,05-Jan-2009,6.76,7.99,6.76,7.45,295000
DEL,06-Jan-2009,7.90,7.90,7.00,7.21,151500
DEL,09-Jan-2009,6.80,7.02,6.41,6.41,99000
DEL,12-Jan-2009,6.01,6.01,5.41,5.75,281000
DEL,13-Jan-2009,5.70,6.00,5.50,5.73,69000
DEL,14-Jan-2009,5.55,5.95,5.36,5.60,67000
DEL,15-Jan-2009,5.15,5.30,4.75,4.80,84500
DEL,16-Jan-2009,4.40,5.35,4.40,4.69,60500
DEL,19-Jan-2009,4.25,4.75,4.00,4.21,110500
DEL,20-Jan-2009,4.20,4.90,4.20,4.78,51000
DEL,21-Jan-2009,5.35,5.35,4.25,4.25,36500
DEL,22-Jan-2009,4.25,4.40,3.95,4.03,53000
DEL,23-Jan-2009,4.05,4.08,3.60,3.75,29000
DEL,26-Jan-2009,4.35,4.35,3.50,3.75,24500
DEL,27-Jan-2009,3.65,4.24,3.31,3.61,92000
DEL,28-Jan-2009,3.56,4.48,3.55,4.16,59000
DEL,29-Jan-2009,4.04,4.12,3.74,3.90,32500
DEL,30-Jan-2009,3.80,4.20,3.80,3.93,40500
DEL,02-Feb-2009,4.15,4.15,3.25,4.06,62500
DEL,03-Feb-2009,3.75,3.99,3.69,3.90,43000
DEL,04-Feb-2009,3.66,3.96,3.66,3.95,40500
DEL,06-Feb-2009,4.24,4.25,3.92,4.02,47000
DEL,09-Feb-2009,3.50,4.14,3.50,3.80,39000
DEL,10-Feb-2009,3.62,3.80,3.60,3.60,20000
DEL,11-Feb-2009,3.60,4.10,3.60,3.85,175000
DEL,12-Feb-2009,3.70,3.85,3.70,3.76,20000
DEL,13-Feb-2009,3.99,4.14,3.76,4.00,42000
DEL,16-Feb-2009,4.07,4.10,3.90,4.01,96000
DEL,17-Feb-2009,4.00,4.00,3.81,3.81,35000
DEL,18-Feb-2009,3.66,3.91,3.66,3.80,18500
DEL,19-Feb-2009,3.95,3.95,3.79,3.90,13500
DEL,20-Feb-2009,3.98,3.99,3.80,3.80,15500
DEL,23-Feb-2009,3.80,3.90,3.75,3.76,15000
DEL,24-Feb-2009,3.70,3.81,3.60,3.60,29500
DEL,25-Feb-2009,3.52,3.52,3.07,3.07,28500
DEL,26-Feb-2009,2.61,3.23,2.61,3.15,26000
DEL,27-Feb-2009,3.10,3.39,3.10,3.39,2000
DEL,02-Mar-2009,3.02,3.30,3.02,3.25,8500
DEL,03-Mar-2009,3.15,3.31,3.15,3.30,9000
DEL,04-Mar-2009,3.30,3.30,2.99,3.20,76000
DEL,05-Mar-2009,3.20,3.25,3.02,3.06,15000
DEL,06-Mar-2009,3.00,3.07,2.42,2.74,188000
DEL,09-Mar-2009,2.75,2.84,2.69,2.84,9000
DEL,11-Mar-2009,2.50,2.80,2.45,2.74,31000
DEL,12-Mar-2009,2.61,2.87,2.61,2.70,36500
DEL,13-Mar-2009,2.70,2.95,2.52,2.90,93500
DEL,16-Mar-2009,3.30,3.84,3.30,3.60,166000
DEL,17-Mar-2009,3.50,3.62,3.21,3.35,38500
DEL,18-Mar-2009,3.02,3.47,3.02,3.40,17000
DEL,19-Mar-2009,3.15,3.55,3.15,3.32,37000
DEL,20-Mar-2009,3.49,3.70,3.40,3.60,32500
DEL,24-Mar-2009,3.59,4.18,3.59,3.95,172500
DEL,25-Mar-2009,4.38,4.40,3.85,3.90,91500
DEL,26-Mar-2009,3.76,4.00,3.76,3.93,49500
DEL,27-Mar-2009,3.90,4.39,3.90,4.25,75000
DEL,30-Mar-2009,4.45,4.69,4.20,4.40,118500
DEL,31-Mar-2009,4.39,4.45,4.00,4.00,32000
DEL,01-Apr-2009,4.02,4.27,4.00,4.00,23500
DEL,02-Apr-2009,4.00,4.28,4.00,4.22,100500
DEL,03-Apr-2009,4.30,4.70,4.25,4.40,121000
DEL,06-Apr-2009,4.50,5.49,4.50,5.49,234500
DEL,07-Apr-2009,6.00,6.49,6.00,6.49,137500
DEL,08-Apr-2009,7.49,7.49,6.56,7.38,678000
DEL,09-Apr-2009,7.45,7.50,6.50,6.95,272000
DEL,10-Apr-2009,6.68,7.73,6.68,7.73,255000
DEL,13-Apr-2009,7.70,8.49,7.70,8.00,272000
DEL,14-Apr-2009,7.70,7.85,7.10,7.20,126500
DEL,15-Apr-2009,6.51,6.73,6.31,6.60,108000
DEL,16-Apr-2009,6.50,6.75,5.85,6.50,96500
DEL,17-Apr-2009,6.75,6.75,5.70,6.10,57000
DEL,20-Apr-2009,6.80,6.80,6.12,6.30,67500
DEL,21-Apr-2009,6.30,6.75,5.80,5.82,113500
DEL,22-Apr-2009,5.50,5.97,5.50,5.75,43500
DEL,23-Apr-2009,5.50,5.85,5.25,5.33,99500
DEL,24-Apr-2009,5.05,5.98,5.00,5.80,77500
DEL,27-Apr-2009,5.50,5.68,4.70,4.70,106000
DEL,28-Apr-2009,4.05,5.00,4.05,5.00,59500
DEL,29-Apr-2009,4.70,4.99,4.60,4.65,16500
DEL,30-Apr-2009,4.50,4.70,4.50,4.51,46000
DEL,04-May-2009,4.03,4.74,3.53,4.50,99000
DEL,05-May-2009,4.50,4.51,4.40,4.50,30500
DEL,06-May-2009,4.20,4.90,4.20,4.75,26000
DEL,07-May-2009,4.51,4.85,4.50,4.51,43500
DEL,08-May-2009,4.50,4.56,4.50,4.56,14000
DEL,11-May-2009,4.72,4.79,4.55,4.78,11500
DEL,12-May-2009,4.60,5.10,4.60,5.09,55500
DEL,13-May-2009,4.90,5.20,4.80,4.98,14500
DEL,14-May-2009,4.89,4.90,4.55,4.70,25500
DEL,15-May-2009,4.79,4.88,4.75,4.88,12500
DEL,18-May-2009,4.66,4.88,4.61,4.61,6500
DEL,19-May-2009,4.74,4.74,4.57,4.70,3500
DEL,20-May-2009,4.51,4.65,4.50,4.50,8500
DEL,21-May-2009,4.35,4.36,4.30,4.35,8000
DEL,22-May-2009,4.60,4.65,4.50,4.64,13000
DEL,25-May-2009,4.33,4.60,4.33,4.37,26000
DEL,26-May-2009,4.40,4.70,4.40,4.55,21000
DEL,27-May-2009,4.46,4.46,4.32,4.37,7000
DEL,28-May-2009,4.43,4.99,4.39,4.83,43000
DEL,29-May-2009,4.55,4.95,4.55,4.82,32500
DEL,01-Jun-2009,4.41,4.61,4.41,4.60,5500
DEL,02-Jun-2009,4.40,4.50,4.36,4.46,4000
DEL,03-Jun-2009,4.45,4.60,4.26,4.41,22000
DEL,04-Jun-2009,4.38,4.49,4.01,4.30,17500
DEL,05-Jun-2009,4.36,4.38,4.30,4.30,3000
DEL,08-Jun-2009,4.35,4.36,4.30,4.30,3000
DEL,09-Jun-2009,4.25,4.62,4.02,4.58,50500
DEL,10-Jun-2009,4.60,4.60,4.18,4.31,11500
DEL,11-Jun-2009,4.30,4.40,4.30,4.40,4500
DEL,12-Jun-2009,4.30,4.30,4.20,4.22,13500
DEL,15-Jun-2009,4.22,4.29,4.10,4.20,4000
DEL,16-Jun-2009,4.00,4.18,4.00,4.00,20500
DEL,17-Jun-2009,4.00,4.18,4.00,4.14,11000
DEL,18-Jun-2009,4.11,4.11,4.00,4.03,5000
DEL,19-Jun-2009,4.02,4.22,4.02,4.22,2500
DEL,22-Jun-2009,4.00,4.10,4.00,4.00,10000
DEL,23-Jun-2009,4.02,4.02,4.01,4.01,3500
DEL,24-Jun-2009,4.00,4.02,3.96,4.00,33000
DEL,25-Jun-2009,4.00,4.00,3.83,4.00,11500
DEL,26-Jun-2009,4.00,4.08,4.00,4.08,13500
DEL,29-Jun-2009,3.81,4.00,3.81,3.93,2500
DEL,30-Jun-2009,3.89,3.95,3.75,3.79,19500
DEL,01-Jul-2009,4.00,4.00,3.87,3.87,13000
DEL,02-Jul-2009,4.00,4.10,4.00,4.10,19000
DEL,03-Jul-2009,4.10,4.10,4.05,4.08,18000
DEL,06-Jul-2009,4.00,4.10,4.00,4.08,8000
DEL,07-Jul-2009,4.05,4.28,4.05,4.23,72000
DEL,08-Jul-2009,4.16,4.24,4.08,4.09,15000
DEL,09-Jul-2009,3.80,4.26,3.75,4.10,25000
DEL,10-Jul-2009,3.91,4.00,3.90,4.00,5000
DEL,13-Jul-2009,4.06,4.24,4.00,4.08,18500
DEL,14-Jul-2009,4.35,4.35,4.00,4.05,35000
DEL,15-Jul-2009,4.05,4.25,4.03,4.15,40000
DEL,16-Jul-2009,4.04,4.25,4.04,4.21,59500
DEL,17-Jul-2009,4.25,4.37,4.20,4.21,22000
DEL,20-Jul-2009,4.25,5.21,4.10,4.45,101000
DEL,21-Jul-2009,4.54,4.55,4.29,4.55,21723
DEL,22-Jul-2009,4.64,4.75,4.53,4.56,33351
DEL,23-Jul-2009,4.69,4.80,4.61,4.70,25749
DEL,24-Jul-2009,4.60,4.75,4.45,4.62,31631
DEL,27-Jul-2009,4.80,5.24,4.70,4.89,73492
DEL,28-Jul-2009,5.09,5.09,4.65,4.82,63575
DEL,29-Jul-2009,4.80,4.90,4.70,4.79,26000
DEL,30-Jul-2009,4.77,4.89,4.50,4.54,21800
DEL,31-Jul-2009,4.75,4.79,4.40,4.51,11501
DEL,03-Aug-2009,4.56,4.65,4.50,4.64,8547
DEL,04-Aug-2009,4.95,4.95,4.52,4.56,12507
DEL,05-Aug-2009,4.56,4.56,4.31,4.34,38105
DEL,06-Aug-2009,4.39,4.55,4.21,4.46,19000
DEL,07-Aug-2009,4.40,4.40,4.20,4.26,22300
DEL,10-Aug-2009,4.40,4.50,4.30,4.39,25500
DEL,11-Aug-2009,4.40,4.40,4.25,4.27,5001
DEL,12-Aug-2009,4.25,4.26,4.06,4.14,20251
DEL,13-Aug-2009,4.00,4.35,4.00,4.20,11852
DEL,17-Aug-2009,4.05,4.11,4.00,4.04,31854
DEL,18-Aug-2009,4.80,4.80,4.00,4.01,14315
DEL,19-Aug-2009,4.05,4.05,4.00,4.01,6747
DEL,20-Aug-2009,3.95,4.00,3.90,4.00,3810
DEL,21-Aug-2009,3.95,4.00,3.88,3.89,2534
DEL,24-Aug-2009,3.89,4.30,3.89,4.06,3000
DEL,25-Aug-2009,3.76,4.00,3.70,3.98,13000
DEL,26-Aug-2009,3.85,4.10,3.85,4.10,6501
DEL,27-Aug-2009,3.95,4.05,3.95,4.02,3500
DEL,28-Aug-2009,4.39,4.39,4.00,4.05,8000
DEL,31-Aug-2009,4.10,4.10,4.00,4.10,17200
DEL,01-Sep-2009,4.00,4.55,4.00,4.09,30798
DEL,02-Sep-2009,4.08,4.24,4.05,4.08,13000
DEL,03-Sep-2009,4.00,4.23,4.00,4.10,107700
DEL,04-Sep-2009,3.85,4.33,3.85,4.33,29800
DEL,07-Sep-2009,4.35,4.35,4.05,4.12,12806
DEL,08-Sep-2009,4.01,4.10,4.01,4.10,2500
DEL,09-Sep-2009,4.17,4.30,4.15,4.24,25051
DEL,10-Sep-2009,4.47,4.47,4.10,4.25,36252
DEL,11-Sep-2009,4.10,4.24,4.10,4.11,16000
DEL,15-Sep-2009,3.85,4.19,3.85,4.19,4172
DEL,16-Sep-2009,4.00,4.20,4.00,4.03,5000
DEL,17-Sep-2009,4.24,4.24,4.02,4.02,17501
DEL,18-Sep-2009,4.40,4.70,3.26,4.34,88786
DEL,24-Sep-2009,4.40,4.50,4.35,4.42,58767
DEL,25-Sep-2009,4.20,5.00,4.20,4.65,153581
DEL,28-Sep-2009,4.50,5.12,4.06,4.82,166602
DEL,29-Sep-2009,4.80,5.45,4.65,5.02,164161
DEL,30-Sep-2009,5.15,5.38,4.72,5.02,126277
DEL,01-Oct-2009,5.25,5.30,4.86,4.99,123642
DEL,02-Oct-2009,4.80,5.08,4.65,4.81,32659
DEL,05-Oct-2009,5.00,5.00,4.80,4.94,14708
DEL,06-Oct-2009,4.94,4.94,4.70,4.88,63000
DEL,07-Oct-2009,4.52,5.00,4.50,4.68,37829
DEL,08-Oct-2009,4.69,4.70,4.50,4.50,76131
DEL,09-Oct-2009,4.50,4.88,4.50,4.74,23007
DEL,12-Oct-2009,4.95,4.95,4.27,4.50,36411
DEL,13-Oct-2009,4.80,4.80,4.50,4.70,12162
DEL,14-Oct-2009,4.60,4.69,4.50,4.55,72123
DEL,15-Oct-2009,4.87,4.87,4.50,4.61,66164
DEL,16-Oct-2009,4.79,4.79,4.41,4.63,31601
DEL,19-Oct-2009,4.50,4.65,4.40,4.46,15706
DEL,20-Oct-2009,4.35,4.56,4.30,4.50,60000
DEL,21-Oct-2009,4.20,4.38,4.20,4.29,58400
DEL,22-Oct-2009,4.07,4.30,4.07,4.20,8052
DEL,23-Oct-2009,4.12,4.28,4.05,4.07,20900
DEL,26-Oct-2009,4.22,4.39,4.15,4.30,22901
DEL,27-Oct-2009,4.35,4.35,4.09,4.20,15002
DEL,28-Oct-2009,4.25,4.70,4.25,4.51,124991
DEL,29-Oct-2009,4.40,4.50,4.23,4.25,22802
DEL,30-Oct-2009,4.21,4.47,4.21,4.23,12203
DEL,02-Nov-2009,4.25,4.33,4.02,4.07,24101
DEL,03-Nov-2009,3.50,4.39,3.50,4.01,32203
DEL,04-Nov-2009,4.10,4.11,4.00,4.00,38500
DEL,05-Nov-2009,4.01,4.01,3.96,4.00,2500
DEL,06-Nov-2009,3.76,4.14,3.76,4.08,91680
DEL,10-Nov-2009,4.00,4.10,3.76,4.00,12502
DEL,11-Nov-2009,3.62,4.10,3.62,4.07,37802
DEL,12-Nov-2009,3.55,4.20,3.55,4.19,51501
DEL,13-Nov-2009,4.45,4.45,4.00,4.19,42705
DEL,16-Nov-2009,3.75,4.75,3.74,4.17,14605
DEL,17-Nov-2009,4.20,4.30,4.20,4.20,53000
DEL,18-Nov-2009,4.49,4.49,4.15,4.20,12279
DEL,19-Nov-2009,4.20,4.57,4.20,4.47,89192
DEL,20-Nov-2009,4.69,4.69,4.40,4.52,26826
DEL,23-Nov-2009,4.22,4.37,4.22,4.37,1500
DEL,24-Nov-2009,4.25,5.19,4.25,5.01,349238
DEL,25-Nov-2009,4.90,5.19,4.75,5.00,169448
DEL,26-Nov-2009,5.15,5.15,4.81,4.85,29465
DEL,01-Dec-2009,4.51,4.88,4.51,4.85,6004
DEL,02-Dec-2009,5.29,5.29,4.70,4.70,7003
DEL,03-Dec-2009,4.85,5.48,4.85,5.25,253665
DEL,04-Dec-2009,5.30,5.40,5.00,5.00,12622
DEL,07-Dec-2009,4.71,4.99,4.67,4.85,8501
DEL,08-Dec-2009,4.70,4.89,4.58,4.70,7012
DEL,09-Dec-2009,4.62,4.70,4.60,4.70,8000
DEL,10-Dec-2009,4.55,5.00,4.55,4.75,27601
DEL,11-Dec-2009,5.00,5.00,4.66,4.78,3507
DEL,14-Dec-2009,4.71,4.96,4.70,4.85,5899
DEL,15-Dec-2009,4.81,4.85,4.70,4.74,20903
DEL,16-Dec-2009,4.74,4.84,4.74,4.77,70894
DEL,17-Dec-2009,4.70,4.79,4.60,4.63,31500
DEL,18-Dec-2009,4.63,4.80,4.53,4.80,4002
DEL,21-Dec-2009,4.59,4.84,4.56,4.84,4502
DEL,22-Dec-2009,4.52,4.86,4.51,4.70,4101
DEL,23-Dec-2009,4.90,4.90,4.70,4.70,3303
DEL,24-Dec-2009,4.61,4.80,4.61,4.71,1755
DEL,29-Dec-2009,4.55,4.80,4.30,4.80,12342
DEL,30-Dec-2009,4.75,4.80,4.60,4.60,2901
DEL,31-Dec-2009,4.80,4.90,4.60,4.79,50303
DEL,04-Jan-2010,4.70,4.85,4.70,4.80,44300
DEL,05-Jan-2010,4.80,4.89,4.60,4.80,26503
DEL,06-Jan-2010,4.71,5.15,4.71,4.96,82000
DEL,07-Jan-2010,4.85,5.00,4.81,4.89,68502
DEL,08-Jan-2010,4.98,5.10,4.80,4.87,108103
DEL,11-Jan-2010,5.09,5.09,4.70,4.73,60001
DEL,12-Jan-2010,4.72,5.00,4.65,4.81,19600
DEL,13-Jan-2010,4.80,4.90,4.50,4.60,39602
DEL,14-Jan-2010,4.65,4.70,4.64,4.70,11801
DEL,15-Jan-2010,4.61,4.79,4.61,4.70,9590
DEL,18-Jan-2010,4.50,4.85,4.50,4.85,6502
DEL,19-Jan-2010,4.60,4.90,4.55,4.60,25101
DEL,20-Jan-2010,4.55,4.61,4.55,4.56,7750
DEL,21-Jan-2010,4.13,4.60,4.13,4.30,29659
DEL,22-Jan-2010,4.40,4.78,4.20,4.69,18504
DEL,25-Jan-2010,4.50,4.50,4.11,4.40,15390
DEL,26-Jan-2010,4.35,4.59,4.35,4.42,10504
DEL,27-Jan-2010,4.30,4.60,4.30,4.35,21000
DEL,28-Jan-2010,4.25,4.55,4.25,4.33,12250
DEL,29-Jan-2010,4.11,4.40,4.11,4.33,5700
DEL,01-Feb-2010,4.35,4.35,4.15,4.20,11501
DEL,02-Feb-2010,4.30,4.50,4.20,4.39,5451
DEL,03-Feb-2010,4.40,4.40,4.15,4.15,36899
DEL,04-Feb-2010,4.32,4.43,4.20,4.25,25131
DEL,08-Feb-2010,4.45,4.50,4.25,4.27,2651
DEL,09-Feb-2010,4.50,4.50,4.16,4.34,10698
DEL,10-Feb-2010,4.31,4.40,4.20,4.25,15101
DEL,11-Feb-2010,4.20,4.25,4.18,4.18,7849
DEL,12-Feb-2010,4.32,4.35,4.20,4.20,34400
DEL,15-Feb-2010,4.05,4.25,4.02,4.25,4002
DEL,16-Feb-2010,4.13,4.33,4.00,4.22,25603
DEL,17-Feb-2010,4.48,4.60,4.25,4.37,11701
DEL,18-Feb-2010,4.18,4.21,4.18,4.21,2500
DEL,19-Feb-2010,4.25,4.38,4.16,4.35,7100
DEL,22-Feb-2010,4.35,4.35,4.20,4.21,9700
DEL,23-Feb-2010,4.13,4.28,4.10,4.10,14400
DEL,24-Feb-2010,4.15,4.15,4.00,4.10,79000
DEL,25-Feb-2010,4.20,4.20,3.70,3.92,13003
DEL,26-Feb-2010,3.91,3.91,3.40,3.77,84149
DEL,01-Mar-2010,3.62,3.80,3.62,3.65,3001
DEL,02-Mar-2010,3.70,3.70,3.60,3.70,3630
DEL,03-Mar-2010,3.90,3.90,3.26,3.39,10405
DEL,04-Mar-2010,3.30,3.50,3.11,3.49,45215
DEL,05-Mar-2010,3.50,3.50,3.20,3.49,33717
DEL,08-Mar-2010,3.40,3.50,3.40,3.48,8499
DEL,09-Mar-2010,3.50,3.55,3.26,3.40,8650
DEL,10-Mar-2010,3.43,3.48,3.40,3.47,7171
DEL,11-Mar-2010,3.60,3.60,3.46,3.46,501
DEL,12-Mar-2010,3.50,3.60,3.45,3.60,9399
DEL,15-Mar-2010,3.65,3.65,3.40,3.65,26602
DEL,16-Mar-2010,3.35,3.49,3.35,3.40,19601
DEL,17-Mar-2010,3.36,3.63,3.36,3.60,11601
DEL,18-Mar-2010,3.50,3.50,3.26,3.30,5900
DEL,19-Mar-2010,3.48,3.53,3.30,3.45,17651
DEL,22-Mar-2010,3.31,3.40,3.31,3.39,1580
DEL,24-Mar-2010,3.30,3.76,3.30,3.50,6006
DEL,25-Mar-2010,3.35,3.47,3.30,3.44,9652
DEL,26-Mar-2010,3.40,3.40,3.32,3.32,5500
DEL,29-Mar-2010,3.25,3.74,3.22,3.41,15002
DEL,30-Mar-2010,3.28,3.41,3.22,3.40,8100
DEL,31-Mar-2010,3.31,3.31,3.00,3.15,42000
DEL,01-Apr-2010,3.07,3.39,3.07,3.22,18103
DEL,02-Apr-2010,3.38,3.38,3.11,3.33,8499
DEL,05-Apr-2010,3.12,3.22,3.12,3.22,1500
DEL,06-Apr-2010,3.25,3.25,3.06,3.08,30800
DEL,07-Apr-2010,3.15,3.15,3.11,3.12,11500
DEL,08-Apr-2010,3.10,4.00,3.10,3.56,110598
DEL,09-Apr-2010,3.40,3.55,3.40,3.52,4100
DEL,12-Apr-2010,3.50,3.50,3.10,3.25,18611
DEL,13-Apr-2010,3.35,3.38,3.29,3.30,2001
DEL,14-Apr-2010,3.21,3.40,3.20,3.29,13540
DEL,15-Apr-2010,3.35,3.59,3.35,3.53,34605
DEL,16-Apr-2010,3.58,3.60,3.50,3.50,16749
DEL,19-Apr-2010,3.50,3.84,3.50,3.51,37500
DEL,20-Apr-2010,3.65,3.65,3.35,3.53,12750
DEL,21-Apr-2010,3.50,3.50,3.32,3.39,1752
DEL,22-Apr-2010,3.31,3.34,3.31,3.34,501
DEL,23-Apr-2010,3.34,3.49,3.25,3.29,7501
DEL,26-Apr-2010,3.75,3.75,3.25,3.27,4402
DEL,27-Apr-2010,3.25,3.25,3.21,3.25,9800
DEL,28-Apr-2010,3.20,3.29,3.06,3.08,10010
DEL,29-Apr-2010,3.20,3.20,3.01,3.20,19700
DEL,30-Apr-2010,3.10,3.28,3.10,3.17,17300
DEL,03-May-2010,3.17,3.20,3.08,3.10,15000
DEL,04-May-2010,3.16,3.20,3.15,3.15,7500
DEL,05-May-2010,3.25,3.25,3.10,3.20,2980
DEL,06-May-2010,3.35,3.35,3.10,3.12,3353
DEL,07-May-2010,3.12,3.12,3.12,3.12,7500
DEL,10-May-2010,3.10,3.24,3.01,3.06,10000
DEL,11-May-2010,3.03,3.18,3.00,3.04,34201
DEL,12-May-2010,3.28,3.28,3.00,3.05,19451
DEL,13-May-2010,3.33,3.33,3.01,3.01,6721
DEL,14-May-2010,3.00,3.05,3.00,3.05,12502
DEL,17-May-2010,3.00,3.10,3.00,3.00,29700
DEL,18-May-2010,3.00,3.03,2.81,3.00,5805
DEL,19-May-2010,2.85,2.99,2.82,2.85,9000
DEL,20-May-2010,2.80,2.95,2.80,2.95,12501
DEL,21-May-2010,2.95,2.95,2.75,2.95,3000
DEL,24-May-2010,2.75,3.00,2.75,3.00,1897
DEL,25-May-2010,2.75,2.95,2.55,2.70,19381
DEL,26-May-2010,2.60,2.70,2.52,2.53,3601
DEL,27-May-2010,2.54,2.60,2.50,2.50,13975
DEL,28-May-2010,2.25,2.40,2.22,2.23,11234
DEL,31-May-2010,2.85,2.85,2.13,2.28,10114
DEL,01-Jun-2010,1.95,2.09,1.85,1.99,23010
DEL,02-Jun-2010,1.99,2.37,1.94,2.17,16171
DEL,03-Jun-2010,2.64,2.64,2.18,2.21,9001
DEL,04-Jun-2010,2.34,2.38,2.26,2.27,4847
DEL,07-Jun-2010,2.27,2.43,2.26,2.43,1101
DEL,08-Jun-2010,2.60,2.65,2.40,2.40,14878
DEL,09-Jun-2010,2.21,2.45,2.20,2.45,2101
DEL,10-Jun-2010,2.20,2.35,2.20,2.20,3001
DEL,11-Jun-2010,2.49,2.49,2.35,2.36,58700
DEL,14-Jun-2010,2.00,2.23,2.00,2.01,18901
DEL,15-Jun-2010,2.44,2.44,2.10,2.23,13529
DEL,16-Jun-2010,2.50,2.50,2.25,2.39,2601
DEL,17-Jun-2010,2.11,2.32,2.10,2.32,2501
DEL,18-Jun-2010,2.36,2.46,2.05,2.41,5031
DEL,21-Jun-2010,2.08,2.28,2.08,2.14,3008
DEL,22-Jun-2010,2.14,2.34,2.10,2.20,9511
DEL,23-Jun-2010,2.03,2.19,2.03,2.07,12702
DEL,24-Jun-2010,2.07,2.20,1.90,1.91,22901
DEL,25-Jun-2010,1.71,2.09,1.60,1.80,7701
DEL,28-Jun-2010,1.80,2.29,1.80,1.99,7503
DEL,29-Jun-2010,1.99,2.00,1.85,1.97,13750
DEL,30-Jun-2010,1.85,2.08,1.81,1.90,12158
DEL,01-Jul-2010,1.86,1.86,1.82,1.84,2000
DEL,02-Jul-2010,1.84,2.09,1.72,2.00,5505
DEL,05-Jul-2010,2.00,2.00,1.90,1.90,1750
DEL,06-Jul-2010,2.24,2.24,2.15,2.16,4
DEL,07-Jul-2010,2.30,2.30,1.91,2.00,2008
DEL,08-Jul-2010,2.00,2.00,2.00,2.00,4000
DEL,09-Jul-2010,2.19,2.19,1.87,1.87,6852
DEL,12-Jul-2010,2.00,2.11,1.92,2.05,18501
DEL,13-Jul-2010,2.00,2.00,1.90,2.00,25500
DEL,14-Jul-2010,2.00,2.29,2.00,2.19,31800
DEL,15-Jul-2010,2.15,2.22,2.01,2.22,15239
DEL,16-Jul-2010,2.14,2.38,2.01,2.24,3904
DEL,19-Jul-2010,2.38,2.53,2.36,2.50,72930
DEL,20-Jul-2010,2.50,2.60,2.44,2.60,16351
DEL,21-Jul-2010,2.75,2.75,2.25,2.45,12202
DEL,22-Jul-2010,2.32,2.54,2.32,2.54,509
DEL,23-Jul-2010,2.59,2.59,2.45,2.55,16041
DEL,26-Jul-2010,2.35,3.36,2.35,2.79,29851
DEL,27-Jul-2010,2.79,2.80,2.61,2.73,16910
DEL,28-Jul-2010,2.73,2.73,2.69,2.69,4500
DEL,29-Jul-2010,2.69,2.79,2.41,2.78,12299
DEL,30-Jul-2010,2.96,2.96,2.35,2.78,7595
DEL,02-Aug-2010,2.79,2.79,2.50,2.52,3821
DEL,03-Aug-2010,2.70,2.77,2.40,2.68,21854
DEL,04-Aug-2010,2.68,2.68,2.45,2.45,18300
DEL,05-Aug-2010,2.74,2.77,2.00,2.49,63750
DEL,06-Aug-2010,2.59,2.77,2.59,2.65,39173
DEL,09-Aug-2010,2.34,2.69,2.32,2.64,24400
DEL,10-Aug-2010,2.31,2.50,2.11,2.25,12599
DEL,11-Aug-2010,2.29,2.29,2.20,2.25,1250
DEL,12-Aug-2010,2.50,2.50,2.19,2.42,4
DEL,13-Aug-2010,2.91,2.91,2.11,2.34,4
DEL,16-Aug-2010,2.06,2.24,1.72,1.80,36529
DEL,17-Aug-2010,2.00,2.00,1.60,1.90,9431
DEL,18-Aug-2010,1.90,1.90,1.85,1.85,1500
DEL,19-Aug-2010,1.85,2.33,1.80,1.84,7258
DEL,20-Aug-2010,2.14,2.14,1.86,2.00,2
DEL,26-Aug-2010,1.72,2.14,1.72,2.05,1510
DEL,30-Aug-2010,2.35,2.44,2.05,2.16,7
DEL,31-Aug-2010,2.19,2.19,2.19,2.19,3
DEL,01-Sep-2010,1.90,1.90,1.90,1.90,1
DEL,02-Sep-2010,1.90,2.19,1.72,2.19,560
DEL,03-Sep-2010,1.85,1.85,1.72,1.81,4049
DEL,06-Sep-2010,1.75,1.75,1.55,1.61,10100
DEL,07-Sep-2010,1.71,1.97,1.70,1.97,5002
DEL,09-Sep-2010,1.99,2.00,1.67,1.93,2338
DEL,14-Sep-2010,2.38,2.38,1.55,1.80,1650
DEL,15-Sep-2010,2.00,2.00,1.70,1.92,2505
DEL,16-Sep-2010,1.85,2.70,1.80,2.31,43575
DEL,17-Sep-2010,2.60,2.60,2.05,2.05,2
DEL,20-Sep-2010,2.64,2.64,2.01,2.05,10505
DEL,21-Sep-2010,1.78,2.21,1.78,2.21,1505
DEL,22-Sep-2010,1.84,2.00,1.82,1.88,6500
DEL,23-Sep-2010,1.85,1.86,1.85,1.86,506
DEL,24-Sep-2010,2.25,2.25,2.00,2.13,4497
DEL,27-Sep-2010,2.29,2.29,2.27,2.27,2
DEL,28-Sep-2010,1.80,2.19,1.80,1.87,25504
DEL,29-Sep-2010,2.00,2.00,1.85,1.85,6000
DEL,30-Sep-2010,1.90,1.94,1.81,1.94,1692
DEL,01-Oct-2010,1.80,2.15,1.80,2.14,3502
DEL,04-Oct-2010,2.38,2.38,1.92,1.92,11
DEL,05-Oct-2010,2.00,2.00,1.80,1.99,12001
DEL,06-Oct-2010,1.63,1.98,1.63,1.65,752
DEL,07-Oct-2010,1.95,1.95,1.78,1.90,4299
DEL,08-Oct-2010,2.10,2.10,1.90,1.90,2195
DEL,11-Oct-2010,1.81,2.10,1.81,2.08,1257
DEL,12-Oct-2010,2.07,2.07,1.80,1.99,3568
DEL,13-Oct-2010,2.16,2.16,1.80,1.90,1008
DEL,14-Oct-2010,1.90,2.09,1.80,1.81,567
DEL,15-Oct-2010,1.97,1.99,1.97,1.99,2
DEL,18-Oct-2010,1.85,1.85,1.85,1.85,1000
DEL,19-Oct-2010,1.95,1.95,1.70,1.93,303
DEL,21-Oct-2010,1.81,1.94,1.71,1.94,55902
DEL,22-Oct-2010,1.99,1.99,1.99,1.99,1
DEL,25-Oct-2010,1.60,1.99,1.60,1.80,12741
DEL,26-Oct-2010,1.72,1.98,1.26,1.65,2165439
DEL,27-Oct-2010,1.79,1.79,1.65,1.68,8272
DEL,28-Oct-2010,1.70,1.83,1.65,1.80,41551
DEL,29-Oct-2010,1.60,1.98,1.60,1.91,56901
DEL,01-Nov-2010,1.85,2.00,1.85,1.97,17600
DEL,02-Nov-2010,1.89,2.09,1.81,1.98,34614
DEL,03-Nov-2010,1.86,1.86,1.85,1.85,1002
DEL,04-Nov-2010,1.85,1.85,1.83,1.83,7000
DEL,05-Nov-2010,1.86,1.90,1.86,1.90,4811
DEL,08-Nov-2010,1.91,2.07,1.91,2.02,28169
DEL,10-Nov-2010,1.93,1.93,1.92,1.93,20052
DEL,11-Nov-2010,1.93,2.00,1.90,1.90,25331
DEL,12-Nov-2010,1.90,1.99,1.90,1.93,5
DEL,15-Nov-2010,1.56,1.92,1.56,1.83,1038
DEL,16-Nov-2010,2.18,2.19,1.84,1.99,13017
DEL,22-Nov-2010,1.89,2.23,1.79,1.92,41609
DEL,23-Nov-2010,1.92,2.69,1.92,2.22,392189
DEL,24-Nov-2010,2.12,2.28,2.00,2.13,1780
DEL,25-Nov-2010,2.36,2.36,2.13,2.15,1447
DEL,26-Nov-2010,2.15,2.30,2.15,2.15,3541
DEL,29-Nov-2010,2.03,2.32,2.00,2.03,14732
DEL,30-Nov-2010,2.00,2.26,2.00,2.23,2058
DEL,01-Dec-2010,2.40,2.40,1.91,1.96,6034
DEL,02-Dec-2010,2.32,2.32,1.90,2.00,3100
DEL,03-Dec-2010,2.23,2.23,2.00,2.00,10001
DEL,06-Dec-2010,2.49,2.49,1.90,1.92,27012
DEL,07-Dec-2010,2.00,2.05,1.83,1.84,5899
DEL,08-Dec-2010,2.49,2.49,1.81,1.86,3327
DEL,09-Dec-2010,1.85,2.03,1.85,1.88,2549
DEL,10-Dec-2010,1.90,2.00,1.90,1.90,9550
DEL,13-Dec-2010,2.30,2.30,2.00,2.10,12376
DEL,14-Dec-2010,2.03,2.30,2.03,2.11,14698
DEL,15-Dec-2010,2.40,2.41,2.00,2.05,9192
DEL,20-Dec-2010,2.33,2.33,1.98,2.00,26659
DEL,21-Dec-2010,2.01,2.09,1.85,1.98,63882
DEL,22-Dec-2010,2.05,2.05,1.80,1.83,2001
DEL,23-Dec-2010,1.82,2.00,1.82,2.00,1502
DEL,24-Dec-2010,2.06,2.06,1.80,1.95,5753
DEL,27-Dec-2010,1.78,2.00,1.78,2.00,502
DEL,28-Dec-2010,2.00,2.07,1.95,1.95,20104
DEL,29-Dec-2010,1.83,1.99,1.82,1.83,7510
DEL,30-Dec-2010,1.81,2.00,1.80,1.94,21538
DEL,31-Dec-2010,1.80,1.90,1.80,1.80,501
DEL,03-Jan-2011,1.89,1.95,1.75,1.75,6472
DEL,04-Jan-2011,1.72,1.84,1.72,1.78,4836
DEL,05-Jan-2011,1.94,1.94,1.90,1.90,1
DEL,06-Jan-2011,1.94,2.00,1.91,1.98,28901
DEL,07-Jan-2011,1.28,2.00,1.28,1.75,132
DEL,10-Jan-2011,2.45,2.45,1.81,1.94,504
DEL,11-Jan-2011,1.94,1.94,1.80,1.80,2502
DEL,12-Jan-2011,1.99,2.75,1.80,2.10,865499
DEL,13-Jan-2011,2.34,2.34,2.03,2.06,33841
DEL,14-Jan-2011,2.24,2.24,2.00,2.24,12604
DEL,17-Jan-2011,2.20,2.30,2.07,2.20,16110
DEL,18-Jan-2011,1.91,2.29,1.91,2.23,14130
DEL,19-Jan-2011,2.01,2.25,2.01,2.08,2001
DEL,20-Jan-2011,2.24,2.24,2.05,2.06,46002
DEL,21-Jan-2011,2.06,2.16,2.00,2.02,27683
DEL,24-Jan-2011,2.20,2.20,1.96,2.14,5002
DEL,26-Jan-2011,2.14,2.15,2.00,2.00,2527
DEL,27-Jan-2011,2.10,2.10,1.51,1.92,1904
DEL,28-Jan-2011,1.85,2.00,1.85,1.90,2951
DEL,31-Jan-2011,2.27,2.27,1.91,1.91,1371
DEL,01-Feb-2011,1.91,2.03,1.80,1.90,25252
DEL,02-Feb-2011,1.80,1.98,1.80,1.96,49511
DEL,03-Feb-2011,1.91,1.98,1.75,1.78,51640
DEL,04-Feb-2011,1.98,1.98,1.61,1.81,49003
DEL,07-Feb-2011,1.93,1.93,1.75,1.89,1501
DEL,09-Feb-2011,1.93,1.93,1.92,1.92,101
DEL,10-Feb-2011,1.90,1.90,1.65,1.75,69601
DEL,11-Feb-2011,2.04,2.04,1.62,1.86,9006
DEL,14-Feb-2011,1.62,1.75,1.62,1.70,12500
DEL,15-Feb-2011,1.89,1.89,1.74,1.75,6001
DEL,17-Feb-2011,1.80,1.80,1.67,1.75,4200
DEL,18-Feb-2011,2.28,2.28,1.75,1.75,1003
DEL,21-Feb-2011,1.86,1.86,1.67,1.67,1557
DEL,22-Feb-2011,1.70,1.90,1.70,1.70,2507
DEL,23-Feb-2011,2.28,2.28,1.60,1.60,503
DEL,24-Feb-2011,1.90,1.90,1.60,1.60,1
DEL,25-Feb-2011,2.57,2.57,1.06,1.35,1108
DEL,28-Feb-2011,1.94,1.94,1.50,1.64,11576
DEL,01-Mar-2011,1.83,1.83,1.63,1.63,502
DEL,02-Mar-2011,1.56,1.56,1.56,1.56,1002
DEL,03-Mar-2011,1.68,1.68,1.68,1.68,500
DEL,04-Mar-2011,1.75,1.90,1.56,1.60,5001
DEL,07-Mar-2011,1.45,1.74,1.45,1.60,33
DEL,08-Mar-2011,1.89,1.89,1.52,1.52,1999
DEL,09-Mar-2011,1.60,1.78,1.60,1.78,3928
DEL,10-Mar-2011,1.36,1.89,1.36,1.84,14002
DEL,11-Mar-2011,1.61,1.84,1.61,1.84,9
DEL,14-Mar-2011,1.56,1.85,1.56,1.63,1101
DEL,15-Mar-2011,1.60,1.62,1.60,1.61,1000
DEL,16-Mar-2011,1.71,1.71,1.56,1.56,1001
DEL,17-Mar-2011,1.79,1.79,1.51,1.61,2662
DEL,18-Mar-2011,1.53,1.72,1.43,1.48,3991
DEL,22-Mar-2011,1.69,1.69,1.48,1.48,3
DEL,24-Mar-2011,1.69,1.75,1.69,1.75,4800
DEL,28-Mar-2011,1.69,1.69,1.69,1.69,1000
DEL,29-Mar-2011,1.65,1.65,1.52,1.52,2221
DEL,30-Mar-2011,1.69,1.69,1.52,1.52,1
DEL,31-Mar-2011,1.52,1.90,1.46,1.52,5230
DEL,01-Apr-2011,1.44,1.75,1.44,1.55,2000
DEL,04-Apr-2011,1.48,1.64,1.44,1.50,17448
DEL,05-Apr-2011,1.42,1.54,1.42,1.51,1099
DEL,06-Apr-2011,1.50,1.64,1.50,1.57,8898
DEL,07-Apr-2011,1.69,1.69,1.52,1.52,502
DEL,08-Apr-2011,1.68,1.68,1.67,1.67,3501
DEL,11-Apr-2011,1.35,1.65,1.35,1.50,21910
DEL,12-Apr-2011,1.40,1.62,1.40,1.55,34551
DEL,13-Apr-2011,1.41,1.67,1.41,1.57,2450
DEL,14-Apr-2011,1.50,1.50,1.40,1.40,22702
DEL,15-Apr-2011,1.34,1.41,1.34,1.41,11698
DEL,18-Apr-2011,1.88,1.88,1.36,1.40,3502
DEL,19-Apr-2011,1.44,1.69,1.44,1.45,18399
DEL,20-Apr-2011,1.45,1.50,1.31,1.31,27517
DEL,21-Apr-2011,1.48,1.48,1.40,1.40,5016
DEL,22-Apr-2011,1.40,1.55,1.40,1.54,1231
DEL,25-Apr-2011,1.99,1.99,1.36,1.36,16752
DEL,26-Apr-2011,1.37,1.59,1.37,1.37,501
DEL,27-Apr-2011,1.40,1.59,1.36,1.37,10004
DEL,28-Apr-2011,1.36,1.53,1.35,1.36,2515
DEL,29-Apr-2011,1.25,1.36,1.25,1.31,16752
DEL,02-May-2011,1.30,1.36,1.30,1.36,11002
DEL,03-May-2011,1.30,1.31,1.29,1.30,772
DEL,04-May-2011,1.30,1.33,1.23,1.25,47138
DEL,05-May-2011,1.36,1.36,1.22,1.25,25037
DEL,06-May-2011,1.35,1.38,1.35,1.36,8017
DEL,09-May-2011,1.26,1.46,1.26,1.44,3017
DEL,10-May-2011,1.33,1.45,1.30,1.32,16522
DEL,11-May-2011,1.31,1.34,1.30,1.34,25939
DEL,12-May-2011,1.30,1.38,1.28,1.38,12284
DEL,13-May-2011,1.15,1.45,1.15,1.38,4
DEL,16-May-2011,1.49,1.49,1.38,1.38,4
DEL,17-May-2011,1.38,1.39,1.27,1.39,7001
DEL,18-May-2011,1.40,1.40,1.39,1.39,1
DEL,19-May-2011,1.27,1.42,1.22,1.24,2100
DEL,23-May-2011,1.24,1.30,1.24,1.28,7205
DEL,24-May-2011,1.47,1.47,1.28,1.28,3
DEL,25-May-2011,1.47,1.47,1.26,1.40,13001
DEL,26-May-2011,1.44,1.44,1.35,1.42,1000
DEL,27-May-2011,1.49,1.49,1.42,1.42,300
DEL,30-May-2011,1.50,1.54,1.36,1.50,21586
DEL,31-May-2011,1.54,1.55,1.39,1.43,1232
DEL,01-Jun-2011,1.56,1.60,1.45,1.50,6654
DEL,02-Jun-2011,1.50,1.69,1.50,1.63,48568
DEL,03-Jun-2011,1.63,1.80,1.63,1.65,24999
DEL,06-Jun-2011,1.64,1.65,1.64,1.65,1
DEL,07-Jun-2011,1.41,1.41,1.40,1.40,1050
DEL,08-Jun-2011,1.62,1.62,1.41,1.44,5518
DEL,09-Jun-2011,1.40,1.62,1.40,1.62,4000
DEL,10-Jun-2011,1.41,1.70,1.40,1.50,2489
DEL,13-Jun-2011,1.65,1.65,1.42,1.47,3002
DEL,14-Jun-2011,1.36,1.62,1.35,1.35,5907
DEL,15-Jun-2011,1.60,1.60,1.35,1.35,42
DEL,16-Jun-2011,1.35,1.49,1.30,1.30,10001
DEL,17-Jun-2011,1.31,1.55,1.30,1.30,1486
DEL,20-Jun-2011,1.50,1.69,1.31,1.31,3836
DEL,21-Jun-2011,1.48,1.48,1.30,1.30,1011
DEL,22-Jun-2011,1.30,1.50,1.30,1.31,1482
DEL,23-Jun-2011,1.46,1.50,1.35,1.35,5102
DEL,24-Jun-2011,1.50,1.50,1.35,1.35,2
DEL,27-Jun-2011,1.33,1.33,1.33,1.33,500
DEL,28-Jun-2011,1.31,1.34,1.31,1.34,1000
DEL,29-Jun-2011,1.10,1.50,1.10,1.30,9726
DEL,30-Jun-2011,1.30,1.30,1.30,1.30,5000
DEL,01-Jul-2011,1.47,1.48,1.30,1.30,21
DEL,04-Jul-2011,1.30,1.43,1.20,1.28,510
DEL,05-Jul-2011,1.50,1.50,1.21,1.21,504
DEL,06-Jul-2011,1.26,1.49,1.25,1.28,11153
DEL,07-Jul-2011,1.49,1.49,1.28,1.28,7
DEL,08-Jul-2011,1.25,1.45,1.01,1.28,74
DEL,11-Jul-2011,1.49,1.49,1.25,1.25,1482
DEL,12-Jul-2011,1.25,1.40,1.16,1.21,37674
DEL,13-Jul-2011,1.59,1.59,1.15,1.19,7484
DEL,14-Jul-2011,1.21,1.30,1.21,1.21,880
DEL,15-Jul-2011,1.15,1.50,1.15,1.20,13465
DEL,18-Jul-2011,1.45,1.45,1.20,1.20,519
DEL,19-Jul-2011,1.30,1.30,1.21,1.24,3685
DEL,20-Jul-2011,1.46,1.46,1.24,1.24,1
DEL,21-Jul-2011,1.23,1.25,1.20,1.20,4178
DEL,22-Jul-2011,1.40,1.65,1.20,1.20,38013
DEL,25-Jul-2011,1.35,1.45,1.35,1.43,1578
DEL,26-Jul-2011,1.27,1.40,1.20,1.21,502
DEL,27-Jul-2011,1.25,1.25,1.20,1.20,2020
DEL,28-Jul-2011,1.74,1.74,1.20,1.20,2
DEL,29-Jul-2011,1.65,1.65,1.20,1.20,10002
DEL,01-Aug-2011,1.20,1.44,1.20,1.20,508
DEL,02-Aug-2011,1.20,1.20,1.20,1.20,5895
DEL,08-Aug-2011,0.80,1.50,0.80,0.80,503
DEL,09-Aug-2011,1.40,1.40,0.80,0.80,21
DEL,10-Aug-2011,1.80,1.80,0.80,0.80,8
DEL,11-Aug-2011,1.35,1.45,1.30,1.43,1159
DEL,12-Aug-2011,1.45,1.45,1.03,1.43,2
DEL,15-Aug-2011,1.80,1.80,1.01,1.01,1506
DEL,16-Aug-2011,1.04,1.04,1.04,1.04,500
DEL,17-Aug-2011,1.45,1.45,1.05,1.05,1001
DEL,18-Aug-2011,1.35,1.35,1.05,1.05,28
DEL,19-Aug-2011,1.44,1.44,1.10,1.10,504
DEL,22-Aug-2011,1.10,1.35,1.10,1.11,1024
DEL,24-Aug-2011,1.05,1.10,1.05,1.10,1500
DEL,29-Aug-2011,1.06,1.06,1.05,1.05,502
DEL,30-Aug-2011,1.10,1.10,1.05,1.07,500
DEL,05-Sep-2011,1.06,1.07,1.06,1.07,200
DEL,06-Sep-2011,1.10,1.38,1.10,1.11,999
DEL,07-Sep-2011,1.33,1.33,0.91,1.01,74410
DEL,08-Sep-2011,1.30,1.30,1.16,1.16,7902
DEL,09-Sep-2011,1.05,1.16,1.05,1.16,91
DEL,12-Sep-2011,1.01,1.05,1.01,1.03,8003
DEL,13-Sep-2011,1.00,1.03,1.00,1.03,1
DEL,14-Sep-2011,1.03,1.06,1.02,1.02,2546
DEL,15-Sep-2011,1.19,1.19,1.02,1.02,1
DEL,16-Sep-2011,1.05,1.34,1.05,1.05,502
DEL,19-Sep-2011,1.02,1.04,1.00,1.02,16016
DEL,20-Sep-2011,1.02,1.02,1.02,1.02,23978
DEL,21-Sep-2011,1.02,1.05,0.95,0.97,11016
DEL,22-Sep-2011,1.05,1.08,0.90,1.06,14108
DEL,23-Sep-2011,1.05,1.22,1.00,1.00,14095
DEL,26-Sep-2011,1.19,1.19,0.99,1.00,2001
DEL,27-Sep-2011,0.96,1.20,0.95,1.00,31321
DEL,28-Sep-2011,1.20,1.20,1.01,1.01,3964
DEL,29-Sep-2011,0.98,1.14,0.97,1.00,3501
DEL,30-Sep-2011,0.91,1.43,0.91,0.99,8725
DEL,03-Oct-2011,1.15,1.15,1.00,1.01,1197
DEL,04-Oct-2011,1.15,1.15,0.90,1.01,4
DEL,06-Oct-2011,1.15,1.15,1.01,1.01,1
DEL,07-Oct-2011,1.09,1.15,1.00,1.02,2853
DEL,10-Oct-2011,1.00,1.14,1.00,1.05,521
DEL,11-Oct-2011,1.14,1.14,1.05,1.06,16964
DEL,12-Oct-2011,1.15,1.15,1.00,1.03,718
DEL,13-Oct-2011,1.10,1.14,1.03,1.05,4326
DEL,14-Oct-2011,1.05,1.09,1.00,1.09,2000
DEL,17-Oct-2011,0.97,1.15,0.97,1.13,3750
DEL,18-Oct-2011,1.05,1.05,1.00,1.01,3500
DEL,19-Oct-2011,1.09,1.10,1.01,1.01,10976
DEL,20-Oct-2011,1.15,1.15,1.01,1.01,1
DEL,21-Oct-2011,1.10,1.10,1.01,1.01,1
DEL,25-Oct-2011,1.05,1.05,0.83,0.88,6007
DEL,26-Oct-2011,0.95,1.09,0.86,0.86,9495
DEL,27-Oct-2011,0.80,1.00,0.80,0.85,1010
DEL,28-Oct-2011,0.80,0.80,0.80,0.80,500
DEL,31-Oct-2011,1.40,1.40,0.86,1.10,6002
DEL,01-Nov-2011,1.15,1.15,0.80,0.80,13574
DEL,02-Nov-2011,0.85,1.08,0.85,0.86,4505
DEL,03-Nov-2011,0.95,0.99,0.91,0.95,5242
DEL,04-Nov-2011,0.99,1.10,0.89,0.99,1754
DEL,10-Nov-2011,1.25,1.25,0.91,0.91,2002
DEL,14-Nov-2011,0.90,0.99,0.90,0.99,1000
DEL,15-Nov-2011,0.91,0.99,0.91,0.99,1
DEL,16-Nov-2011,0.85,1.04,0.85,0.85,501
DEL,17-Nov-2011,0.81,1.07,0.81,0.87,2000
DEL,18-Nov-2011,1.09,1.10,1.08,1.09,511
DEL,21-Nov-2011,1.07,1.07,0.83,0.86,631
DEL,22-Nov-2011,1.09,1.09,0.82,0.87,1369
DEL,23-Nov-2011,0.80,0.90,0.80,0.87,4
DEL,24-Nov-2011,0.84,0.87,0.84,0.87,1
DEL,25-Nov-2011,0.83,1.00,0.81,0.81,501
DEL,29-Nov-2011,0.86,0.96,0.70,0.80,90802
DEL,01-Dec-2011,0.80,0.94,0.80,0.80,16008
DEL,02-Dec-2011,0.61,0.99,0.61,0.80,8
DEL,07-Dec-2011,1.00,1.05,0.80,0.80,2
DEL,08-Dec-2011,1.00,1.00,0.71,0.72,501
DEL,09-Dec-2011,0.95,0.99,0.72,0.82,3110
DEL,12-Dec-2011,1.00,1.00,0.80,0.80,5998
DEL,13-Dec-2011,0.80,0.94,0.70,0.70,2878
DEL,14-Dec-2011,0.70,0.94,0.70,0.93,5002
DEL,15-Dec-2011,0.93,0.93,0.80,0.93,487
DEL,16-Dec-2011,0.70,0.90,0.65,0.66,5410
DEL,19-Dec-2011,0.98,0.98,0.66,0.66,1
DEL,21-Dec-2011,0.60,0.99,0.60,0.85,1700
DEL,22-Dec-2011,0.90,0.90,0.77,0.85,2
DEL,23-Dec-2011,0.77,0.77,0.76,0.76,1000
DEL,26-Dec-2011,0.62,0.89,0.61,0.65,2702
DEL,27-Dec-2011,0.70,0.70,0.70,0.70,500
DEL,28-Dec-2011,0.60,0.67,0.60,0.67,501
DEL,29-Dec-2011,0.71,0.79,0.71,0.79,7498
DEL,30-Dec-2011,0.89,0.90,0.89,0.89,5992
DEL,02-Jan-2012,0.90,0.90,0.89,0.89,1
DEL,03-Jan-2012,0.85,0.94,0.84,0.94,1702
DEL,04-Jan-2012,0.90,1.00,0.90,1.00,9000
DEL,05-Jan-2012,0.99,0.99,0.76,0.76,1655
DEL,06-Jan-2012,0.76,1.00,0.76,0.97,12264
DEL,09-Jan-2012,1.04,1.04,0.75,0.80,15939
DEL,10-Jan-2012,0.65,0.89,0.65,0.65,4165
DEL,13-Jan-2012,0.65,0.98,0.65,0.95,6175
DEL,16-Jan-2012,0.77,0.77,0.77,0.77,500
DEL,17-Jan-2012,0.93,0.94,0.93,0.93,504
DEL,18-Jan-2012,0.90,1.10,0.90,1.10,3000
DEL,20-Jan-2012,1.09,1.10,1.00,1.08,1609
DEL,23-Jan-2012,1.10,1.20,1.03,1.15,149211
DEL,24-Jan-2012,0.80,1.30,0.80,1.16,159001
DEL,25-Jan-2012,1.35,1.35,1.03,1.06,63858
DEL,26-Jan-2012,1.15,1.20,1.00,1.03,4605
DEL,27-Jan-2012,1.19,1.19,1.05,1.07,2541
DEL,30-Jan-2012,1.01,1.13,1.00,1.02,2613
DEL,31-Jan-2012,1.20,1.25,1.05,1.05,4525
DEL,01-Feb-2012,1.00,1.25,1.00,1.15,96684
DEL,02-Feb-2012,1.20,1.25,1.10,1.11,42437
DEL,03-Feb-2012,1.30,1.30,1.19,1.25,47311
DEL,06-Feb-2012,1.29,1.40,1.14,1.20,27255
DEL,07-Feb-2012,1.20,1.20,1.18,1.18,2000
DEL,08-Feb-2012,1.18,1.30,1.14,1.25,11632
DEL,09-Feb-2012,1.25,1.29,1.16,1.16,3802
DEL,10-Feb-2012,1.29,1.30,1.01,1.01,11510
DEL,13-Feb-2012,1.24,1.25,1.15,1.18,23410
DEL,14-Feb-2012,1.24,1.25,1.12,1.15,27896
DEL,15-Feb-2012,1.40,1.40,1.20,1.22,20637
DEL,16-Feb-2012,1.22,1.22,1.22,1.22,5
DEL,17-Feb-2012,1.28,1.28,1.12,1.12,1010
DEL,20-Feb-2012,1.15,1.30,1.15,1.19,114553
DEL,21-Feb-2012,1.17,1.30,1.16,1.30,37860
DEL,22-Feb-2012,1.21,1.28,1.21,1.24,8910
DEL,23-Feb-2012,1.30,2.18,1.26,1.35,82742
DEL,24-Feb-2012,1.16,1.37,1.16,1.32,4419
DEL,27-Feb-2012,1.42,1.50,1.30,1.30,17539
DEL,28-Feb-2012,1.50,1.50,1.06,1.23,29989
DEL,29-Feb-2012,1.35,1.39,1.12,1.20,7013
DEL,01-Mar-2012,1.20,1.22,1.10,1.12,35505
DEL,02-Mar-2012,1.12,1.25,1.11,1.12,522
DEL,05-Mar-2012,1.22,1.28,1.21,1.24,34500
DEL,06-Mar-2012,1.28,1.28,1.26,1.26,11196
DEL,07-Mar-2012,1.22,1.99,1.22,1.33,274629
DEL,08-Mar-2012,1.40,1.70,1.40,1.54,95548
DEL,09-Mar-2012,1.58,1.75,1.55,1.68,226077
DEL,12-Mar-2012,1.74,1.98,1.65,1.94,219146
DEL,13-Mar-2012,1.80,2.00,1.80,1.99,183704
DEL,14-Mar-2012,2.00,2.99,1.99,2.99,650630
DEL,15-Mar-2012,3.05,3.79,3.05,3.46,705482
DEL,16-Mar-2012,3.20,3.45,2.90,3.03,150224
DEL,19-Mar-2012,3.00,3.00,2.12,2.15,202373
DEL,20-Mar-2012,2.39,2.70,2.15,2.60,110660
DEL,21-Mar-2012,2.31,2.75,2.31,2.45,18339
DEL,22-Mar-2012,2.60,2.60,2.32,2.40,96315
DEL,26-Mar-2012,2.30,2.86,2.30,2.52,52956
DEL,27-Mar-2012,2.83,2.83,2.40,2.50,157421
DEL,28-Mar-2012,2.45,2.45,2.30,2.40,34273
DEL,29-Mar-2012,2.48,2.48,2.21,2.35,46637
DEL,30-Mar-2012,2.35,2.38,2.17,2.18,37465
DEL,02-Apr-2012,2.38,2.38,2.12,2.23,34352
DEL,03-Apr-2012,2.12,2.25,2.10,2.20,26223
DEL,04-Apr-2012,2.47,2.47,2.16,2.33,29903
DEL,05-Apr-2012,2.30,2.34,2.20,2.24,23610
DEL,06-Apr-2012,2.25,2.38,2.20,2.25,98692
DEL,09-Apr-2012,2.20,2.45,2.20,2.45,75997
DEL,10-Apr-2012,2.49,2.60,2.25,2.30,14110
DEL,11-Apr-2012,2.27,2.40,2.20,2.22,16100
DEL,12-Apr-2012,2.20,2.25,2.01,2.15,62193
DEL,13-Apr-2012,2.30,2.38,2.10,2.12,36967
DEL,16-Apr-2012,2.11,2.24,2.11,2.12,4510
DEL,17-Apr-2012,2.10,2.38,2.00,2.10,40111
DEL,18-Apr-2012,2.20,2.40,2.09,2.40,101112
DEL,19-Apr-2012,2.30,2.37,2.20,2.23,10000
DEL,20-Apr-2012,2.23,2.25,2.18,2.20,50000
DEL,23-Apr-2012,2.11,2.60,2.11,2.50,332098
DEL,24-Apr-2012,2.49,2.49,2.30,2.34,7145
DEL,25-Apr-2012,2.40,2.50,2.30,2.42,1005
DEL,26-Apr-2012,2.21,2.37,2.20,2.20,17100
DEL,27-Apr-2012,2.29,2.49,2.10,2.11,6588
DEL,30-Apr-2012,2.25,2.25,2.03,2.10,13507
DEL,02-May-2012,2.15,2.20,2.06,2.12,72800
DEL,03-May-2012,2.20,2.48,2.15,2.15,10651
DEL,04-May-2012,2.20,2.34,2.07,2.07,23304
DEL,07-May-2012,2.34,2.34,2.06,2.11,63530
DEL,08-May-2012,2.34,2.75,1.87,2.16,45205
DEL,09-May-2012,2.04,2.52,2.04,2.28,71160
DEL,10-May-2012,2.30,2.35,2.30,2.31,21000
DEL,11-May-2012,2.25,2.25,2.11,2.20,110151
DEL,14-May-2012,2.25,2.26,2.25,2.25,3149
DEL,15-May-2012,2.19,2.25,2.18,2.25,6600
DEL,16-May-2012,2.15,2.23,2.13,2.14,31379
DEL,17-May-2012,2.13,2.24,2.05,2.08,22400
DEL,18-May-2012,2.09,2.19,1.92,1.92,4011
DEL,21-May-2012,2.20,2.20,1.95,2.06,12319
DEL,22-May-2012,2.10,2.15,2.10,2.15,4998
DEL,23-May-2012,2.11,2.14,2.05,2.07,2000
DEL,24-May-2012,2.11,2.40,2.03,2.22,66955
DEL,25-May-2012,2.35,3.15,2.23,2.34,102085
DEL,28-May-2012,2.20,2.30,2.13,2.15,19002
DEL,29-May-2012,2.33,2.33,2.10,2.20,16401
DEL,30-May-2012,2.30,2.30,2.18,2.18,2200
DEL,31-May-2012,2.25,2.25,2.20,2.20,4501
DEL,01-Jun-2012,2.18,2.45,2.11,2.25,8692
DEL,04-Jun-2012,2.39,2.39,2.16,2.20,11005
DEL,05-Jun-2012,2.30,2.30,2.15,2.15,10102
DEL,06-Jun-2012,2.10,2.28,2.06,2.06,10501
DEL,07-Jun-2012,2.06,2.20,2.06,2.10,3001
DEL,08-Jun-2012,2.01,2.01,2.01,2.10,1
DEL,11-Jun-2012,2.07,2.14,2.05,2.08,52600
DEL,12-Jun-2012,2.24,2.65,2.02,2.05,119604
DEL,13-Jun-2012,2.29,2.29,2.00,2.00,7559
DEL,14-Jun-2012,2.00,2.45,2.00,2.00,63
DEL,15-Jun-2012,2.30,2.30,2.30,2.00,1
DEL,18-Jun-2012,2.25,2.25,1.77,1.77,81992
DEL,19-Jun-2012,1.81,1.81,1.61,1.68,26201
DEL,20-Jun-2012,1.61,1.70,1.56,1.70,17200
DEL,21-Jun-2012,1.70,1.84,1.70,1.80,1004
DEL,22-Jun-2012,1.70,2.30,1.70,1.90,166288
DEL,25-Jun-2012,1.75,1.99,1.75,1.99,10704
DEL,26-Jun-2012,2.39,2.39,1.90,1.98,530
DEL,27-Jun-2012,2.10,2.10,1.70,1.92,49424
DEL,28-Jun-2012,2.10,2.90,1.86,2.00,37634
DEL,29-Jun-2012,1.75,2.60,1.75,2.24,172566
DEL,02-Jul-2012,1.80,2.05,1.80,2.05,46985
DEL,03-Jul-2012,2.05,2.05,1.95,1.95,7809
DEL,04-Jul-2012,2.00,2.00,1.91,1.91,14306
DEL,05-Jul-2012,1.81,2.00,1.81,1.86,2415
DEL,06-Jul-2012,2.00,2.05,1.85,1.85,34817
DEL,09-Jul-2012,2.00,2.09,1.86,1.90,6500
DEL,10-Jul-2012,1.84,1.95,1.84,1.85,1032
DEL,11-Jul-2012,1.71,2.06,1.71,1.85,101
DEL,12-Jul-2012,2.04,2.04,1.87,1.85,702
DEL,13-Jul-2012,1.56,1.85,1.56,1.85,1003
DEL,16-Jul-2012,1.81,1.81,1.81,1.81,500
DEL,17-Jul-2012,1.79,1.93,1.79,1.82,2070
DEL,18-Jul-2012,1.98,1.99,1.85,1.92,6333
DEL,19-Jul-2012,1.86,1.90,1.73,1.73,35000
DEL,20-Jul-2012,2.19,2.19,1.62,1.73,424
DEL,23-Jul-2012,1.73,1.73,1.71,1.71,5000
DEL,24-Jul-2012,1.65,1.65,1.65,1.65,500
DEL,25-Jul-2012,1.75,1.76,1.75,1.76,2000
DEL,26-Jul-2012,1.80,1.80,1.75,1.75,6000
DEL,27-Jul-2012,1.70,1.70,1.70,1.70,500
DEL,30-Jul-2012,1.71,1.75,1.71,1.74,9000
DEL,31-Jul-2012,1.63,1.63,1.63,1.63,500
DEL,01-Aug-2012,1.70,1.71,1.65,1.65,27500
DEL,02-Aug-2012,1.70,1.70,1.65,1.65,4000
DEL,03-Aug-2012,1.79,1.79,1.65,1.66,22500
DEL,07-Aug-2012,1.60,1.60,1.60,1.60,500
DEL,08-Aug-2012,1.45,1.45,1.45,1.45,500
DEL,09-Aug-2012,1.50,1.60,1.50,1.60,2500
DEL,10-Aug-2012,1.50,1.50,1.50,1.50,1000
DEL,13-Aug-2012,1.85,1.85,1.85,1.85,500
DEL,15-Aug-2012,1.80,1.80,1.80,1.80,500
DEL,16-Aug-2012,1.76,1.76,1.76,1.76,1000
DEL,23-Aug-2012,1.89,1.90,1.80,1.80,3500
DEL,24-Aug-2012,1.90,2.09,1.88,1.89,83000
DEL,27-Aug-2012,1.70,2.00,1.70,2.00,24000
DEL,28-Aug-2012,1.95,2.00,1.95,2.00,80000
DEL,29-Aug-2012,2.00,2.00,1.92,2.00,6500
DEL,30-Aug-2012,2.05,2.20,1.99,2.19,37000
DEL,31-Aug-2012,2.13,2.30,2.13,2.20,28000
DEL,03-Sep-2012,2.20,2.20,2.05,2.07,21500
DEL,04-Sep-2012,2.01,2.01,2.00,2.00,12000
DEL,05-Sep-2012,2.01,2.05,1.90,2.01,47000
DEL,06-Sep-2012,2.01,2.19,2.01,2.05,10000
DEL,07-Sep-2012,2.05,2.05,2.04,2.04,6500
DEL,10-Sep-2012,2.00,2.11,2.00,2.05,5500
DEL,11-Sep-2012,2.04,2.04,1.92,1.92,5000
DEL,12-Sep-2012,1.93,1.93,1.93,1.93,1000
DEL,14-Sep-2012,1.81,2.00,1.80,2.00,32500
DEL,17-Sep-2012,1.84,2.00,1.84,2.00,6000
DEL,18-Sep-2012,2.10,2.23,2.00,2.03,36000
DEL,19-Sep-2012,2.00,2.00,1.91,2.00,9000
DEL,20-Sep-2012,1.92,1.92,1.92,1.92,2000
DEL,24-Sep-2012,1.95,1.95,1.89,1.89,2500
DEL,25-Sep-2012,2.10,2.10,2.05,2.05,6500
DEL,26-Sep-2012,1.81,2.00,1.81,2.00,2000
DEL,27-Sep-2012,1.99,2.00,1.99,1.99,3000
DEL,28-Sep-2012,1.84,1.85,1.84,1.84,4500
DEL,01-Oct-2012,1.81,1.85,1.75,1.80,11500
DEL,02-Oct-2012,1.80,1.80,1.75,1.75,17000
DEL,03-Oct-2012,1.73,1.75,1.70,1.70,28500
DEL,05-Oct-2012,1.70,1.95,1.70,1.95,8500
DEL,09-Oct-2012,1.78,1.78,1.75,1.75,15000
DEL,10-Oct-2012,1.75,1.80,1.75,1.80,4000
DEL,11-Oct-2012,1.80,1.80,1.75,1.75,5500
DEL,12-Oct-2012,1.75,1.80,1.75,1.76,7000
DEL,15-Oct-2012,1.84,1.84,1.80,1.80,7500
DEL,16-Oct-2012,1.75,1.76,1.75,1.76,8000
DEL,17-Oct-2012,1.61,1.61,1.61,1.61,1000
DEL,18-Oct-2012,1.75,1.75,1.75,1.75,2000
DEL,19-Oct-2012,1.89,1.89,1.73,1.73,3500
DEL,23-Oct-2012,1.68,1.80,1.68,1.72,3500
DEL,24-Oct-2012,1.89,1.99,1.89,1.95,10000
DEL,30-Oct-2012,1.91,1.91,1.91,1.91,3000
DEL,31-Oct-2012,1.71,1.84,1.71,1.80,13000
DEL,01-Nov-2012,1.88,1.88,1.80,1.85,7000
DEL,02-Nov-2012,1.66,1.85,1.66,1.85,2500
DEL,05-Nov-2012,1.85,1.92,1.85,1.86,19500
DEL,06-Nov-2012,1.85,1.85,1.85,1.85,11000
DEL,07-Nov-2012,1.87,1.92,1.86,1.92,1500
DEL,08-Nov-2012,1.95,2.00,1.95,1.95,3000
DEL,12-Nov-2012,1.90,1.90,1.90,1.90,500
DEL,13-Nov-2012,1.85,1.95,1.85,1.95,21500
DEL,14-Nov-2012,1.99,1.99,1.84,1.98,51000
DEL,15-Nov-2012,1.95,1.95,1.90,1.90,5000
DEL,16-Nov-2012,1.90,1.96,1.76,1.87,33000
DEL,19-Nov-2012,2.60,2.60,1.80,2.01,1079500
DEL,20-Nov-2012,2.11,2.40,2.10,2.29,261000
DEL,21-Nov-2012,2.22,2.39,2.15,2.18,138000
DEL,22-Nov-2012,2.22,2.41,2.22,2.39,95500
DEL,23-Nov-2012,2.35,3.19,2.34,2.89,549500
DEL,26-Nov-2012,3.00,3.19,2.70,2.76,383500
DEL,27-Nov-2012,2.77,2.77,2.42,2.54,94500
DEL,28-Nov-2012,2.40,2.65,2.40,2.46,46000
DEL,29-Nov-2012,2.45,2.60,2.45,2.50,9500
DEL,30-Nov-2012,2.50,2.50,2.49,2.50,15000
DEL,03-Dec-2012,2.40,2.56,2.31,2.38,18500
DEL,04-Dec-2012,2.55,2.62,2.38,2.40,99000
DEL,05-Dec-2012,2.59,2.96,2.55,2.65,570000
DEL,06-Dec-2012,2.62,2.79,2.60,2.70,77000
DEL,07-Dec-2012,2.99,2.99,2.60,2.82,192500
DEL,10-Dec-2012,2.65,2.66,2.51,2.56,41500
DEL,11-Dec-2012,2.55,2.60,2.30,2.33,126500
DEL,12-Dec-2012,2.40,2.45,2.40,2.40,27500
DEL,13-Dec-2012,2.40,2.40,2.36,2.36,11500
DEL,14-Dec-2012,2.45,2.48,2.30,2.34,39500
DEL,17-Dec-2012,2.48,2.65,2.41,2.45,88000
DEL,18-Dec-2012,2.41,2.58,2.41,2.42,4500
DEL,19-Dec-2012,2.31,2.44,2.26,2.26,12500
DEL,20-Dec-2012,2.23,2.40,2.23,2.35,21000
DEL,21-Dec-2012,2.30,2.47,2.29,2.40,42500
DEL,24-Dec-2012,2.31,2.31,2.28,2.30,27000
DEL,26-Dec-2012,2.40,2.55,2.40,2.52,52000
DEL,27-Dec-2012,2.45,2.45,2.41,2.41,14500
DEL,28-Dec-2012,2.45,2.45,2.40,2.40,1500
DEL,31-Dec-2012,2.35,2.45,2.31,2.35,14000
DEL,01-Jan-2013,2.31,2.31,2.20,2.21,27000
DEL,02-Jan-2013,2.17,2.17,2.05,2.05,14000
DEL,03-Jan-2013,2.23,2.24,2.09,2.23,8500
DEL,04-Jan-2013,2.11,2.29,2.11,2.20,35500
DEL,07-Jan-2013,2.06,2.20,2.05,2.12,38000
DEL,08-Jan-2013,2.06,2.25,2.06,2.25,35500
DEL,09-Jan-2013,2.20,2.25,2.11,2.18,29000
DEL,10-Jan-2013,2.20,2.20,2.20,2.20,8500
DEL,11-Jan-2013,2.20,2.20,2.20,2.20,5500
DEL,14-Jan-2013,2.20,2.20,2.20,2.20,26000
DEL,15-Jan-2013,2.11,2.14,1.71,1.99,110000
DEL,16-Jan-2013,1.71,2.10,1.71,2.10,9000
DEL,17-Jan-2013,2.10,2.25,2.09,2.25,41500
DEL,21-Jan-2013,2.25,2.30,2.16,2.25,23000
DEL,22-Jan-2013,2.28,2.28,2.17,2.17,2000
DEL,23-Jan-2013,2.11,2.40,2.11,2.40,34500
DEL,24-Jan-2013,2.25,2.54,2.25,2.43,162500
DEL,28-Jan-2013,2.45,2.50,2.41,2.41,26000
DEL,29-Jan-2013,2.41,2.49,2.30,2.34,41500
DEL,30-Jan-2013,2.51,2.57,2.35,2.41,154500
DEL,31-Jan-2013,2.36,2.40,2.34,2.40,39000
DEL,01-Feb-2013,2.39,2.39,2.20,2.22,20500
DEL,04-Feb-2013,2.17,2.40,2.10,2.33,934500
DEL,06-Feb-2013,2.35,2.36,2.25,2.25,27500
DEL,07-Feb-2013,2.26,2.35,2.26,2.26,14500
DEL,08-Feb-2013,2.23,2.27,2.20,2.26,56000
DEL,11-Feb-2013,2.32,2.32,2.30,2.30,21500
DEL,12-Feb-2013,2.30,2.44,2.30,2.43,8500
DEL,13-Feb-2013,2.45,2.50,2.42,2.47,21500
DEL,14-Feb-2013,2.50,2.50,2.41,2.48,9000
DEL,15-Feb-2013,2.42,2.44,2.40,2.40,12500
DEL,18-Feb-2013,2.40,2.40,2.30,2.30,7000
DEL,19-Feb-2013,2.43,2.43,2.12,2.20,16000
DEL,20-Feb-2013,2.18,2.32,2.18,2.20,10500
DEL,21-Feb-2013,2.16,2.22,2.10,2.20,61500
DEL,22-Feb-2013,2.21,2.40,2.21,2.22,9000
DEL,25-Feb-2013,2.22,2.23,2.20,2.20,9500
DEL,26-Feb-2013,2.20,2.30,2.12,2.25,9500
DEL,27-Feb-2013,2.35,2.35,2.10,2.10,56000
DEL,28-Feb-2013,2.20,2.20,2.10,2.19,4000
DEL,01-Mar-2013,2.05,2.15,2.05,2.13,14500
DEL,04-Mar-2013,2.10,2.15,2.00,2.15,34000
DEL,05-Mar-2013,2.00,2.10,2.00,2.08,10500
DEL,06-Mar-2013,2.08,2.15,2.08,2.10,23000
DEL,07-Mar-2013,2.15,2.15,2.15,2.15,1000
DEL,08-Mar-2013,2.01,2.01,1.93,1.94,25500
DEL,11-Mar-2013,2.30,2.30,2.08,2.08,6000
DEL,12-Mar-2013,2.20,2.20,1.91,2.05,24000
DEL,13-Mar-2013,1.90,1.90,1.90,1.90,500
DEL,14-Mar-2013,1.92,2.10,1.91,2.05,9500
DEL,15-Mar-2013,1.91,2.00,1.91,1.98,30500
DEL,18-Mar-2013,2.00,2.00,1.96,1.96,3000
DEL,19-Mar-2013,2.00,2.10,2.00,2.10,2000
DEL,20-Mar-2013,2.00,2.11,1.95,2.11,12000
DEL,21-Mar-2013,1.96,2.10,1.95,2.00,57000
DEL,22-Mar-2013,2.00,2.16,2.00,2.00,3500
DEL,25-Mar-2013,2.00,2.14,2.00,2.13,23500
DEL,26-Mar-2013,1.90,1.90,1.90,1.90,4500
DEL,27-Mar-2013,2.00,2.25,2.00,2.14,51500
DEL,28-Mar-2013,2.05,2.10,1.97,2.00,18000
DEL,29-Mar-2013,2.00,2.00,1.98,1.98,3000
DEL,01-Apr-2013,2.00,2.00,2.00,2.00,1000
DEL,02-Apr-2013,2.00,2.15,2.00,2.00,3000
DEL,03-Apr-2013,1.96,2.00,1.90,1.90,59000
DEL,04-Apr-2013,1.90,1.98,1.90,1.98,14000
DEL,05-Apr-2013,1.91,2.00,1.90,1.92,9500
DEL,08-Apr-2013,1.98,2.05,1.90,1.90,8000
DEL,09-Apr-2013,2.00,2.00,1.92,1.92,5500
DEL,10-Apr-2013,1.92,1.92,1.92,1.92,2500
DEL,11-Apr-2013,1.95,1.95,1.95,1.92,2500
DEL,12-Apr-2013,2.00,2.00,1.88,1.90,32500
DEL,15-Apr-2013,1.91,2.00,1.90,1.90,4000
DEL,16-Apr-2013,1.85,1.89,1.75,1.77,41500
DEL,17-Apr-2013,1.75,1.75,1.75,1.75,25500
DEL,18-Apr-2013,1.55,1.90,1.55,1.90,2500
DEL,19-Apr-2013,1.72,1.72,1.72,1.72,500
DEL,22-Apr-2013,1.71,1.71,1.71,1.71,1000
DEL,23-Apr-2013,1.51,1.95,1.51,1.72,5000
DEL,26-Apr-2013,1.80,2.00,1.80,1.99,42000
DEL,30-Apr-2013,1.88,1.88,1.85,1.85,15000
DEL,02-May-2013,1.72,1.80,1.72,1.80,6000
DEL,03-May-2013,1.75,1.80,1.72,1.75,4000
DEL,06-May-2013,1.76,1.77,1.75,1.77,16500
DEL,07-May-2013,1.93,1.93,1.92,1.92,2500
DEL,08-May-2013,1.75,1.84,1.71,1.84,15500
DEL,09-May-2013,1.85,1.85,1.85,1.85,1500
DEL,10-May-2013,1.96,1.96,1.81,1.86,6000
DEL,13-May-2013,1.81,1.97,1.80,1.81,36500
DEL,14-May-2013,1.85,1.86,1.85,1.86,2000
DEL,15-May-2013,2.00,2.46,1.85,2.29,465000
DEL,16-May-2013,2.18,2.25,2.17,2.20,18000
DEL,17-May-2013,2.20,2.40,2.20,2.34,62500
DEL,20-May-2013,2.44,2.44,2.20,2.26,21000
DEL,21-May-2013,2.25,2.26,2.15,2.17,14500
DEL,22-May-2013,2.03,2.30,2.03,2.26,48500
DEL,23-May-2013,2.37,2.37,2.11,2.20,82000
DEL,24-May-2013,2.29,2.29,2.11,2.24,78000
DEL,27-May-2013,2.10,2.22,2.10,2.13,8500
DEL,28-May-2013,2.12,2.12,2.12,2.12,500
DEL,29-May-2013,2.10,2.20,2.10,2.20,9000
DEL,30-May-2013,2.28,2.50,2.20,2.42,164000
DEL,31-May-2013,2.58,2.60,2.30,2.59,62000
DEL,03-Jun-2013,2.40,2.60,2.39,2.50,86000
DEL,04-Jun-2013,2.50,2.75,2.45,2.68,232000
DEL,05-Jun-2013,2.68,2.70,2.31,2.68,32000
DEL,06-Jun-2013,2.70,3.20,2.38,2.74,323500
DEL,07-Jun-2013,2.65,3.19,2.62,2.87,229500
DEL,10-Jun-2013,2.80,3.55,2.80,3.39,890500
DEL,11-Jun-2013,3.30,4.15,3.30,3.67,1065500
DEL,12-Jun-2013,3.89,3.95,3.40,3.55,154500
DEL,13-Jun-2013,3.50,3.90,3.31,3.38,94000
DEL,14-Jun-2013,3.30,3.30,3.10,3.19,75000
DEL,17-Jun-2013,3.15,3.15,3.11,3.15,7000
DEL,18-Jun-2013,3.12,3.34,3.05,3.05,49000
DEL,19-Jun-2013,3.72,3.72,3.05,3.08,4500
DEL,20-Jun-2013,3.25,3.30,3.00,3.16,85000
DEL,21-Jun-2013,3.01,3.70,3.01,3.16,62500
DEL,24-Jun-2013,3.20,3.20,2.75,2.81,91000
DEL,25-Jun-2013,2.80,3.14,2.77,2.98,53500
DEL,26-Jun-2013,2.80,3.18,2.77,2.94,4500
DEL,27-Jun-2013,2.85,3.14,2.80,2.85,3000
DEL,28-Jun-2013,2.44,3.10,2.44,2.75,35000
DEL,01-Jul-2013,2.94,2.94,2.72,2.79,26000
DEL,02-Jul-2013,2.98,3.28,2.70,2.79,9000
DEL,03-Jul-2013,2.85,3.09,2.82,2.82,13000
DEL,04-Jul-2013,3.17,3.17,3.00,3.10,6000
DEL,05-Jul-2013,2.99,3.20,2.95,3.19,12000
DEL,08-Jul-2013,3.00,3.00,2.80,2.90,79500
DEL,09-Jul-2013,3.00,3.15,3.00,3.05,2500
DEL,10-Jul-2013,3.00,3.00,2.84,2.86,9500
DEL,11-Jul-2013,2.62,3.19,2.62,2.86,17000
DEL,12-Jul-2013,2.40,3.40,2.40,2.75,52000
DEL,15-Jul-2013,3.05,3.05,2.91,2.95,60500
DEL,16-Jul-2013,2.95,3.34,2.89,2.92,4500
DEL,17-Jul-2013,2.80,2.94,2.80,2.94,2000
DEL,18-Jul-2013,2.94,3.20,2.80,2.90,18500
DEL,19-Jul-2013,2.81,3.22,2.81,2.86,49000
DEL,22-Jul-2013,2.94,2.94,2.81,2.94,2500
DEL,24-Jul-2013,2.73,2.98,2.70,2.74,15000
DEL,26-Jul-2013,2.76,2.76,2.76,2.76,3500
DEL,29-Jul-2013,2.60,2.99,2.60,2.70,2000
DEL,30-Jul-2013,2.60,2.97,2.60,2.95,2000
DEL,31-Jul-2013,2.61,2.95,2.61,2.65,27000
DEL,01-Aug-2013,2.70,2.70,2.60,2.60,20500
DEL,05-Aug-2013,2.60,2.90,2.50,2.79,20000
DEL,06-Aug-2013,2.41,2.60,2.30,2.50,14500
DEL,07-Aug-2013,2.50,2.60,2.45,2.60,7000
DEL,12-Aug-2013,2.40,2.80,2.40,2.56,2000
DEL,13-Aug-2013,2.56,2.79,2.56,2.61,2500
DEL,15-Aug-2013,2.60,2.79,2.46,2.69,7000
DEL,16-Aug-2013,2.65,2.65,2.50,2.55,4500
DEL,19-Aug-2013,2.84,3.00,2.60,2.60,22000
DEL,20-Aug-2013,2.82,2.83,2.70,2.74,32000
DEL,21-Aug-2013,2.97,2.97,2.55,2.64,10000
DEL,22-Aug-2013,2.62,2.64,2.01,2.50,31500
DEL,23-Aug-2013,2.52,2.61,2.51,2.60,20500
DEL,26-Aug-2013,2.70,2.70,2.20,2.45,28500
DEL,27-Aug-2013,2.45,2.65,2.42,2.42,7000
DEL,28-Aug-2013,2.85,2.85,2.40,2.55,10000
DEL,29-Aug-2013,2.50,2.60,2.35,2.35,13000
DEL,30-Aug-2013,2.34,2.35,2.33,2.33,10500
DEL,02-Sep-2013,2.10,2.19,2.02,2.11,73000
DEL,03-Sep-2013,2.22,2.22,2.22,2.22,5000
DEL,04-Sep-2013,2.10,2.10,2.10,2.10,500
DEL,05-Sep-2013,2.15,2.35,2.10,2.31,12000
DEL,09-Sep-2013,2.26,2.45,2.26,2.30,4500
DEL,10-Sep-2013,2.30,2.40,2.30,2.30,3000
DEL,11-Sep-2013,2.10,2.80,2.10,2.32,13000
DEL,12-Sep-2013,2.00,2.70,2.00,2.45,29000
DEL,13-Sep-2013,2.32,2.55,2.32,2.45,7000
DEL,16-Sep-2013,2.33,2.40,2.33,2.40,20500
DEL,17-Sep-2013,2.30,2.35,2.30,2.35,5000
DEL,19-Sep-2013,2.33,2.40,2.30,2.31,10000
DEL,20-Sep-2013,2.35,2.35,2.35,2.35,500
DEL,23-Sep-2013,2.37,2.45,2.35,2.45,11500
DEL,24-Sep-2013,2.32,2.88,2.32,2.57,22500
DEL,25-Sep-2013,2.40,2.41,2.40,2.40,3000
DEL,26-Sep-2013,2.65,2.65,2.40,2.40,30500
DEL,27-Sep-2013,2.50,2.50,2.50,2.40,8500
DEL,30-Sep-2013,2.45,2.50,2.10,2.33,11500
DEL,01-Oct-2013,2.30,2.30,2.26,2.26,2000
DEL,02-Oct-2013,2.26,2.34,2.16,2.20,52000
DEL,03-Oct-2013,2.15,2.25,2.15,2.25,7000
DEL,04-Oct-2013,2.20,2.20,2.16,2.17,3500
DEL,07-Oct-2013,2.16,2.16,2.15,2.15,2500
DEL,08-Oct-2013,2.12,2.12,2.03,2.03,1500
DEL,09-Oct-2013,2.10,2.35,2.10,2.10,16500
DEL,10-Oct-2013,2.01,2.01,2.00,2.01,4500
DEL,11-Oct-2013,1.77,2.20,1.77,2.00,4000
DEL,14-Oct-2013,1.90,2.00,1.90,2.00,1500
DEL,21-Oct-2013,1.96,1.98,1.96,1.97,1500
DEL,24-Oct-2013,1.90,2.00,1.90,2.00,6000
DEL,25-Oct-2013,2.00,2.10,2.00,2.00,19000
DEL,28-Oct-2013,2.00,2.00,2.00,2.00,500
DEL,29-Oct-2013,2.00,2.00,1.85,1.85,33500
DEL,30-Oct-2013,1.90,1.90,1.90,1.90,500
DEL,01-Nov-2013,1.83,1.83,1.62,1.71,7500
DEL,04-Nov-2013,2.21,2.21,2.21,2.21,1000
DEL,06-Nov-2013,1.80,1.85,1.80,1.85,1500
DEL,07-Nov-2013,1.95,1.95,1.90,1.90,13500
DEL,11-Nov-2013,1.87,1.90,1.87,1.90,2500
DEL,12-Nov-2013,2.19,2.19,1.90,1.90,10000
DEL,13-Nov-2013,1.80,1.99,1.80,1.99,6000
DEL,18-Nov-2013,1.76,1.82,1.76,1.82,3500
DEL,19-Nov-2013,1.90,2.00,1.90,1.95,22500
DEL,20-Nov-2013,1.90,1.90,1.90,1.90,500
DEL,21-Nov-2013,2.00,2.00,1.82,2.00,50500
DEL,22-Nov-2013,1.75,2.35,1.75,2.12,152500
DEL,25-Nov-2013,2.01,2.01,2.01,2.01,1500
DEL,26-Nov-2013,2.04,2.10,2.04,2.05,4000
DEL,27-Nov-2013,1.98,2.10,1.98,2.10,4500
DEL,28-Nov-2013,2.00,2.25,2.00,2.10,63000
DEL,29-Nov-2013,2.00,2.00,2.00,2.00,1500
DEL,02-Dec-2013,2.00,2.06,2.00,2.06,23000
DEL,03-Dec-2013,2.00,2.00,2.00,2.00,1000
DEL,04-Dec-2013,2.00,2.00,2.00,2.00,1000
DEL,05-Dec-2013,1.81,2.14,1.81,2.14,5000
DEL,09-Dec-2013,1.98,1.98,1.98,1.98,500
DEL,10-Dec-2013,2.00,2.05,2.00,2.05,25000
DEL,11-Dec-2013,2.00,2.10,2.00,2.10,1500
DEL,12-Dec-2013,2.10,2.10,2.10,2.10,1000
DEL,13-Dec-2013,2.10,2.10,2.10,2.10,1500
DEL,16-Dec-2013,2.10,2.25,2.10,2.10,23000
DEL,17-Dec-2013,2.11,2.11,2.11,2.11,500
DEL,18-Dec-2013,2.12,2.15,2.12,2.15,3000
DEL,19-Dec-2013,2.20,2.30,2.20,2.25,9500
DEL,20-Dec-2013,2.10,2.25,2.01,2.25,7000
DEL,23-Dec-2013,2.20,2.25,2.20,2.25,8000
DEL,24-Dec-2013,2.44,2.44,2.18,2.18,14000
DEL,26-Dec-2013,2.10,2.30,2.10,2.20,13000
DEL,27-Dec-2013,2.22,2.22,2.22,2.22,3000
DEL,30-Dec-2013,2.25,2.34,2.24,2.24,3500
DEL,31-Dec-2013,2.27,2.27,2.25,2.25,10500
DEL,01-Jan-2014,2.35,2.39,2.26,2.33,7500
DEL,02-Jan-2014,2.21,2.54,2.21,2.50,62000
DEL,03-Jan-2014,2.69,2.85,2.60,2.63,150500
DEL,06-Jan-2014,2.85,3.24,2.66,3.13,234500
DEL,07-Jan-2014,3.13,3.19,3.03,3.03,111000
DEL,08-Jan-2014,3.10,3.15,3.01,3.04,82500
DEL,09-Jan-2014,3.01,3.10,2.95,3.00,166000
DEL,10-Jan-2014,2.95,3.10,2.95,3.04,31500
DEL,13-Jan-2014,3.01,3.29,3.01,3.10,150500
DEL,15-Jan-2014,3.15,3.15,3.00,3.06,26000
DEL,16-Jan-2014,2.98,3.10,2.98,3.03,38500
DEL,17-Jan-2014,3.18,4.03,3.18,3.79,1051000
DEL,20-Jan-2014,4.29,4.29,3.20,3.51,308000
DEL,21-Jan-2014,3.30,3.73,3.30,3.33,34500
DEL,22-Jan-2014,3.35,3.49,3.27,3.47,35500
DEL,23-Jan-2014,3.50,3.90,3.50,3.51,218000
DEL,24-Jan-2014,3.46,3.52,3.41,3.46,20500
DEL,27-Jan-2014,3.30,3.55,3.28,3.50,22000
DEL,28-Jan-2014,3.52,3.58,3.40,3.50,71000
DEL,29-Jan-2014,3.37,3.50,3.36,3.36,10000
DEL,30-Jan-2014,3.35,3.47,3.05,3.44,7500
DEL,31-Jan-2014,3.15,3.49,3.15,3.49,3500
DEL,03-Feb-2014,3.40,3.40,3.16,3.20,10500
DEL,04-Feb-2014,3.40,3.40,3.20,3.40,1500
DEL,06-Feb-2014,3.40,3.40,3.13,3.23,34000
DEL,07-Feb-2014,3.40,3.40,3.03,3.31,49000
DEL,10-Feb-2014,3.05,3.24,3.05,3.08,17000
DEL,11-Feb-2014,3.07,3.24,2.61,3.24,20000
DEL,12-Feb-2014,3.39,3.39,3.06,3.14,18500
DEL,13-Feb-2014,2.96,3.01,2.96,2.96,20500
DEL,14-Feb-2014,3.19,3.19,3.00,3.00,3000
DEL,17-Feb-2014,2.86,3.00,2.80,2.82,27500
DEL,18-Feb-2014,2.61,2.90,2.60,2.90,28500
DEL,19-Feb-2014,2.57,3.00,2.57,2.80,3000
DEL,20-Feb-2014,2.68,2.70,2.64,2.64,12000
DEL,21-Feb-2014,2.74,2.93,2.50,2.93,44000
DEL,24-Feb-2014,2.66,2.70,2.66,2.70,8000
DEL,25-Feb-2014,2.59,2.84,2.59,2.84,2000
DEL,26-Feb-2014,2.55,2.75,2.55,2.75,4500
DEL,27-Feb-2014,2.61,2.80,2.61,2.79,6500
DEL,28-Feb-2014,2.51,2.51,2.45,2.47,25000
DEL,03-Mar-2014,2.47,2.61,2.47,2.61,1500
DEL,04-Mar-2014,2.50,2.70,2.50,2.60,2000
DEL,05-Mar-2014,2.65,2.65,2.51,2.65,3000
DEL,06-Mar-2014,2.60,2.65,2.49,2.49,19500
DEL,07-Mar-2014,2.50,3.15,2.50,3.03,142500
DEL,10-Mar-2014,2.67,2.95,2.60,2.95,16500
DEL,11-Mar-2014,3.00,3.06,2.75,2.96,39500
DEL,12-Mar-2014,2.98,3.90,2.86,3.78,488500
DEL,13-Mar-2014,3.70,4.00,3.50,3.82,122000
DEL,14-Mar-2014,3.52,4.00,3.40,3.88,31000
DEL,17-Mar-2014,3.79,4.00,3.70,3.72,1666500
DEL,18-Mar-2014,3.53,3.53,3.20,3.20,2500
DEL,19-Mar-2014,3.31,3.50,3.26,3.50,16500
DEL,20-Mar-2014,3.35,3.78,3.35,3.45,5500
DEL,21-Mar-2014,3.60,3.60,3.60,3.60,500
DEL,24-Mar-2014,3.25,3.25,3.03,3.03,3000
DEL,25-Mar-2014,3.24,3.70,3.24,3.70,6000
DEL,26-Mar-2014,3.70,3.95,3.60,3.81,156500
DEL,27-Mar-2014,3.70,3.70,3.41,3.68,7500
DEL,28-Mar-2014,4.14,4.35,3.50,3.70,8500
DEL,31-Mar-2014,3.21,3.80,3.17,3.79,47000
DEL,01-Apr-2014,3.41,3.90,3.41,3.90,20000
DEL,02-Apr-2014,3.65,3.95,3.57,3.82,14000
DEL,03-Apr-2014,3.33,3.70,3.33,3.70,29500
DEL,04-Apr-2014,3.50,3.84,3.45,3.50,14000
DEL,07-Apr-2014,3.94,4.30,3.28,3.68,2500
DEL,08-Apr-2014,3.22,3.94,3.21,3.64,40000
DEL,09-Apr-2014,3.32,3.80,3.32,3.80,19500
DEL,10-Apr-2014,3.73,3.73,3.37,3.42,3000
DEL,11-Apr-2014,3.17,3.17,3.17,3.17,500
DEL,14-Apr-2014,3.18,3.40,3.18,3.35,11500
DEL,15-Apr-2014,3.22,3.99,3.22,3.65,3500
DEL,16-Apr-2014,3.36,3.36,3.36,3.36,1000
DEL,17-Apr-2014,3.84,3.84,3.32,3.32,4500
DEL,18-Apr-2014,3.50,4.30,3.47,3.64,27500
DEL,21-Apr-2014,3.27,3.31,3.25,3.31,4000
DEL,22-Apr-2014,3.32,3.36,3.32,3.35,2500
DEL,23-Apr-2014,3.60,3.90,3.50,3.72,37500
DEL,24-Apr-2014,3.79,3.99,3.50,3.80,255000
DEL,25-Apr-2014,3.56,3.75,3.25,3.49,83000
DEL,28-Apr-2014,3.35,3.70,3.20,3.51,51500
DEL,29-Apr-2014,3.50,3.70,3.01,3.14,89500
DEL,30-Apr-2014,3.38,3.39,2.90,3.04,69000
DEL,02-May-2014,3.11,3.65,3.05,3.63,52000
DEL,05-May-2014,3.48,3.80,2.95,3.10,146500
DEL,06-May-2014,3.24,3.24,3.00,3.09,11000
DEL,07-May-2014,3.40,3.44,2.22,3.30,15000
DEL,08-May-2014,3.06,3.19,3.00,3.18,10500
DEL,09-May-2014,3.70,3.70,3.17,3.23,17000
DEL,12-May-2014,3.33,3.33,2.61,3.13,10500
DEL,13-May-2014,3.34,3.35,2.96,3.04,50500
DEL,14-May-2014,2.85,3.01,2.80,2.90,33500
DEL,15-May-2014,2.94,3.08,2.92,3.07,3000
DEL,16-May-2014,2.93,3.50,2.93,3.34,19000
DEL,19-May-2014,3.42,3.46,2.95,3.01,7000
DEL,20-May-2014,3.34,3.34,2.91,3.25,4000
DEL,21-May-2014,3.48,3.50,2.61,3.25,12500
DEL,22-May-2014,3.44,3.45,3.44,3.45,1000
DEL,23-May-2014,3.11,3.27,3.10,3.21,19000
DEL,27-May-2014,3.05,3.06,3.05,3.06,2000
DEL,28-May-2014,3.00,3.29,3.00,3.29,2000
DEL,29-May-2014,3.02,3.30,3.02,3.27,10000
DEL,30-May-2014,3.08,3.37,3.08,3.10,8000
DEL,02-Jun-2014,3.10,3.11,3.10,3.11,1500
DEL,03-Jun-2014,3.01,3.27,3.01,3.27,1500
DEL,04-Jun-2014,3.45,3.45,3.01,3.01,1500
DEL,05-Jun-2014,3.35,3.70,3.06,3.26,8000
DEL,06-Jun-2014,3.10,3.30,3.10,3.30,3000
DEL,09-Jun-2014,3.05,3.05,3.05,3.05,4000
DEL,10-Jun-2014,3.00,3.33,3.00,3.30,13500
DEL,11-Jun-2014,3.06,3.06,3.06,3.06,1000
DEL,12-Jun-2014,3.26,3.26,3.26,3.26,1000
DEL,16-Jun-2014,3.03,3.03,3.03,3.03,500
DEL,17-Jun-2014,3.05,3.10,2.80,2.91,8000
DEL,18-Jun-2014,2.80,2.80,2.80,2.80,1000
DEL,19-Jun-2014,2.65,3.00,2.65,2.98,43500
DEL,20-Jun-2014,2.81,3.00,2.75,3.00,12500
DEL,23-Jun-2014,2.95,3.00,2.95,3.00,11000
DEL,24-Jun-2014,2.85,3.10,2.85,3.10,12500
DEL,25-Jun-2014,3.35,3.47,3.15,3.15,364000
DEL,26-Jun-2014,2.65,3.39,2.65,3.39,2000
DEL,27-Jun-2014,2.85,3.20,2.75,3.07,2180500
DEL,30-Jun-2014,3.00,3.00,3.00,3.00,5000
DEL,02-Jul-2014,3.00,3.00,3.00,3.00,1000
DEL,03-Jul-2014,3.24,3.24,3.24,3.24,1000
DEL,04-Jul-2014,2.85,3.10,2.85,2.85,1000
DEL,07-Jul-2014,3.00,3.00,2.86,2.86,1000
DEL,09-Jul-2014,2.81,2.81,2.71,2.78,10000
DEL,10-Jul-2014,2.65,2.98,2.65,2.98,3500
DEL,11-Jul-2014,2.55,2.55,2.55,2.55,500
DEL,15-Jul-2014,2.60,2.60,2.51,2.56,2000
DEL,16-Jul-2014,2.75,2.80,2.56,2.60,11500
DEL,18-Jul-2014,2.42,2.42,2.42,2.42,500
DEL,22-Jul-2014,2.89,2.89,2.89,2.89,1000
DEL,23-Jul-2014,2.60,2.60,2.60,2.60,500
DEL,24-Jul-2014,2.61,2.61,2.61,2.61,500
DEL,28-Jul-2014,2.43,2.60,2.43,2.60,2500
DEL,04-Aug-2014,2.35,2.65,2.30,2.45,9000
DEL,07-Aug-2014,2.43,2.44,2.21,2.21,10500
DEL,11-Aug-2014,2.21,2.23,2.20,2.20,10500
DEL,15-Aug-2014,2.25,2.25,2.25,2.25,500
DEL,18-Aug-2014,2.40,2.40,2.30,2.30,7000
DEL,19-Aug-2014,2.30,2.30,2.30,2.30,500
DEL,20-Aug-2014,2.17,2.17,2.15,2.15,4500
DEL,21-Aug-2014,2.39,2.39,2.25,2.25,4500
DEL,25-Aug-2014,2.22,2.50,2.22,2.30,15500
DEL,26-Aug-2014,2.21,2.21,2.20,2.20,2500
DEL,27-Aug-2014,2.22,2.30,2.20,2.30,6000
DEL,28-Aug-2014,2.20,2.20,2.15,2.20,10500
DEL,29-Aug-2014,2.22,2.22,2.21,2.21,2000
DEL,03-Sep-2014,2.31,2.31,2.31,2.31,1000
DEL,04-Sep-2014,2.25,2.31,2.10,2.13,20000
DEL,05-Sep-2014,2.30,2.35,2.30,2.33,1000
DEL,10-Sep-2014,2.27,2.50,2.27,2.50,5500
DEL,11-Sep-2014,2.40,2.41,2.40,2.41,1500
DEL,12-Sep-2014,2.41,2.56,2.41,2.56,2000
DEL,15-Sep-2014,2.51,2.70,2.50,2.50,80000
DEL,16-Sep-2014,2.40,2.51,2.40,2.45,9500
DEL,17-Sep-2014,2.50,2.75,2.50,2.71,6500
DEL,19-Sep-2014,2.70,2.70,2.70,2.70,2500
DEL,22-Sep-2014,2.80,3.20,2.72,2.72,19000
DEL,23-Sep-2014,2.95,2.95,2.80,2.81,12500
DEL,24-Sep-2014,2.10,2.80,2.10,2.79,2500
DEL,25-Sep-2014,2.60,2.60,2.50,2.51,28000
DEL,26-Sep-2014,2.60,2.80,2.60,2.80,12500
DEL,29-Sep-2014,2.70,2.70,2.60,2.60,13000
DEL,30-Sep-2014,2.58,2.60,2.50,2.50,19000
DEL,01-Oct-2014,2.55,2.55,2.51,2.55,6000
DEL,02-Oct-2014,2.60,2.60,2.52,2.58,15000
DEL,10-Oct-2014,2.78,2.80,2.78,2.79,10000
DEL,13-Oct-2014,2.70,2.80,2.70,2.80,7000
DEL,14-Oct-2014,2.61,2.61,2.61,2.61,500
DEL,15-Oct-2014,2.75,2.80,2.75,2.79,6500
DEL,16-Oct-2014,2.88,2.90,2.88,2.90,3000
DEL,17-Oct-2014,2.70,2.71,2.70,2.71,2000
DEL,20-Oct-2014,2.40,2.55,2.40,2.55,3500
DEL,21-Oct-2014,2.50,2.55,2.50,2.52,3000
DEL,22-Oct-2014,2.33,2.60,2.33,2.60,9000
DEL,23-Oct-2014,2.55,2.70,2.52,2.70,3500
DEL,24-Oct-2014,2.60,2.60,2.60,2.60,2000
DEL,28-Oct-2014,2.46,2.50,2.46,2.50,1000
DEL,29-Oct-2014,2.40,2.57,2.40,2.57,6000
DEL,30-Oct-2014,2.30,2.68,2.30,2.68,41500
DEL,31-Oct-2014,2.46,2.50,2.46,2.46,1000
DEL,05-Nov-2014,2.35,2.59,2.35,2.59,5000
DEL,06-Nov-2014,2.51,2.51,2.50,2.50,2000
DEL,07-Nov-2014,2.50,2.60,2.50,2.60,15500
DEL,10-Nov-2014,2.51,2.54,2.51,2.53,2000
DEL,11-Nov-2014,2.51,2.54,2.50,2.54,10500
DEL,12-Nov-2014,2.58,2.60,2.58,2.60,9000
DEL,13-Nov-2014,2.54,2.54,2.54,2.54,500
DEL,17-Nov-2014,2.55,2.55,2.55,2.55,500
DEL,18-Nov-2014,2.43,2.43,2.42,2.42,4500
DEL,19-Nov-2014,2.50,2.60,2.50,2.51,17000
DEL,20-Nov-2014,2.42,2.42,2.42,2.42,1000
DEL,21-Nov-2014,2.87,2.87,2.51,2.80,3000
DEL,25-Nov-2014,2.50,2.53,2.50,2.50,97500
DEL,26-Nov-2014,2.51,2.51,2.51,2.51,1000
DEL,27-Nov-2014,2.59,2.63,2.59,2.62,16000
DEL,28-Nov-2014,2.51,2.51,2.51,2.51,500
DEL,01-Dec-2014,2.50,2.55,2.50,2.52,9000
DEL,02-Dec-2014,2.40,2.69,2.40,2.69,1500
DEL,03-Dec-2014,2.52,2.52,2.52,2.52,500
DEL,04-Dec-2014,2.40,2.55,2.40,2.52,3000
DEL,05-Dec-2014,2.50,2.69,2.50,2.69,14000
DEL,09-Dec-2014,2.50,2.60,2.50,2.60,1500
DEL,10-Dec-2014,2.50,2.50,2.41,2.45,13500
DEL,11-Dec-2014,2.43,2.50,2.40,2.50,15500
DEL,12-Dec-2014,2.36,2.50,2.36,2.50,3500
DEL,15-Dec-2014,2.50,2.58,2.50,2.57,4000
DEL,16-Dec-2014,2.50,2.53,2.50,2.51,12500
DEL,17-Dec-2014,2.50,2.50,2.38,2.40,19000
DEL,18-Dec-2014,2.45,2.47,2.45,2.46,13500
DEL,19-Dec-2014,2.40,2.40,2.40,2.40,2000
DEL,23-Dec-2014,2.60,2.70,2.51,2.70,6000
DEL,24-Dec-2014,2.54,2.55,2.54,2.55,22500
DEL,26-Dec-2014,2.50,2.60,2.50,2.60,10500
DEL,29-Dec-2014,2.53,2.53,2.53,2.53,2000
DEL,30-Dec-2014,2.51,2.70,2.46,2.70,84500
DEL,31-Dec-2014,2.84,2.85,2.60,2.63,30500
DEL,01-Jan-2015,2.90,2.90,2.65,2.68,8500
DEL,02-Jan-2015,2.55,2.56,2.55,2.56,3000
DEL,05-Jan-2015,2.51,2.56,2.51,2.56,3000
DEL,06-Jan-2015,2.67,2.67,2.60,2.65,13000
DEL,07-Jan-2015,2.67,2.68,2.65,2.68,9500
DEL,08-Jan-2015,2.53,2.58,2.53,2.57,7000
DEL,09-Jan-2015,2.56,2.67,2.56,2.60,2000
DEL,12-Jan-2015,2.69,2.70,2.65,2.65,6000
DEL,13-Jan-2015,2.56,2.56,2.56,2.56,1000
DEL,14-Jan-2015,2.66,2.75,2.66,2.71,18000
DEL,15-Jan-2015,2.70,3.10,2.70,3.00,57000
DEL,16-Jan-2015,2.94,2.94,2.94,2.94,500
DEL,19-Jan-2015,2.75,2.95,2.75,2.95,5500
DEL,20-Jan-2015,2.90,2.90,2.81,2.81,1500
DEL,21-Jan-2015,2.95,3.00,2.82,2.97,10500
DEL,22-Jan-2015,2.60,2.96,2.60,2.96,14500
DEL,26-Jan-2015,2.61,2.96,2.61,2.96,4500
DEL,27-Jan-2015,2.98,2.98,2.71,2.71,2000
DEL,28-Jan-2015,2.79,2.80,2.79,2.80,5500
DEL,29-Jan-2015,2.97,2.97,2.70,2.95,16500
DEL,30-Jan-2015,2.61,3.00,2.61,3.00,8000
DEL,02-Feb-2015,2.66,3.03,2.66,3.03,33500
DEL,03-Feb-2015,2.90,3.00,2.90,2.91,32500
DEL,04-Feb-2015,2.95,2.95,2.83,2.83,29000
DEL,06-Feb-2015,2.83,2.90,2.75,2.90,1500
DEL,09-Feb-2015,3.00,3.00,3.00,3.00,6500
DEL,10-Feb-2015,3.00,3.00,3.00,3.00,11500
DEL,11-Feb-2015,3.00,3.00,3.00,3.00,2500
DEL,12-Feb-2015,2.75,3.00,2.75,2.90,35500
DEL,13-Feb-2015,3.15,3.15,3.05,3.05,6000
DEL,17-Feb-2015,3.00,3.00,3.00,3.00,15000
DEL,18-Feb-2015,2.80,2.90,2.80,2.90,12500
DEL,19-Feb-2015,3.00,3.00,3.00,3.00,2000
DEL,20-Feb-2015,3.04,3.04,3.00,3.00,3000
DEL,23-Feb-2015,2.78,2.78,2.78,2.78,1000
DEL,24-Feb-2015,2.60,2.98,2.60,2.98,3000
DEL,25-Feb-2015,2.71,2.88,2.71,2.88,1500
DEL,26-Feb-2015,2.90,2.95,2.90,2.95,17500
DEL,27-Feb-2015,2.60,2.95,2.55,2.95,7000
DEL,02-Mar-2015,2.71,2.95,2.71,2.95,1500
DEL,03-Mar-2015,2.70,2.95,2.70,2.94,18000
DEL,04-Mar-2015,2.95,2.95,2.95,2.95,10000
DEL,05-Mar-2015,2.94,2.95,2.70,2.95,8000
DEL,06-Mar-2015,2.95,2.95,2.95,2.95,1000
DEL,09-Mar-2015,2.94,2.94,2.94,2.94,500
DEL,10-Mar-2015,2.62,2.95,2.62,2.76,16500
DEL,11-Mar-2015,2.95,2.95,2.65,2.95,11000
DEL,12-Mar-2015,2.95,2.95,2.90,2.90,2500
DEL,13-Mar-2015,2.75,2.95,2.75,2.79,3500
DEL,17-Mar-2015,2.70,2.70,2.70,2.70,3000
DEL,18-Mar-2015,2.50,2.50,2.50,2.50,500
DEL,19-Mar-2015,2.45,2.45,2.45,2.45,1500
DEL,20-Mar-2015,2.45,2.80,2.45,2.80,11000
DEL,24-Mar-2015,2.60,2.85,2.60,2.85,12500
DEL,25-Mar-2015,2.50,2.75,2.50,2.75,1500
DEL,26-Mar-2015,2.90,2.90,2.90,2.90,10000
DEL,27-Mar-2015,2.51,3.65,2.51,2.99,43000
DEL,30-Mar-2015,2.50,2.70,2.22,2.68,47500
DEL,31-Mar-2015,2.90,2.95,2.51,2.94,13500
DEL,01-Apr-2015,2.95,2.99,2.95,2.98,11500
DEL,02-Apr-2015,2.99,2.99,2.98,2.98,5500
DEL,03-Apr-2015,2.95,2.95,2.95,2.95,500
DEL,06-Apr-2015,3.00,3.00,2.90,3.00,101000
DEL,07-Apr-2015,3.00,3.09,2.90,2.90,5000
DEL,08-Apr-2015,2.86,3.00,2.86,3.00,14500
DEL,09-Apr-2015,2.61,3.04,2.61,3.04,4500
DEL,10-Apr-2015,2.70,3.00,2.70,3.00,43000
DEL,13-Apr-2015,3.00,3.00,3.00,3.00,6500
DEL,14-Apr-2015,2.76,2.76,2.76,2.76,500
DEL,15-Apr-2015,2.90,2.90,2.90,2.90,1000
DEL,16-Apr-2015,2.99,3.03,2.81,3.03,2000
DEL,17-Apr-2015,2.95,2.99,2.75,2.99,20500
DEL,20-Apr-2015,2.91,3.03,2.91,2.93,5000
DEL,21-Apr-2015,3.00,3.00,2.85,3.00,2000
DEL,22-Apr-2015,3.03,3.03,3.00,3.00,20500
DEL,23-Apr-2015,2.51,3.01,2.51,3.01,4500
DEL,24-Apr-2015,3.00,3.19,3.00,3.00,34000
DEL,27-Apr-2015,3.00,3.00,3.00,3.00,500
DEL,28-Apr-2015,3.00,3.01,2.85,3.00,14500
DEL,29-Apr-2015,2.81,2.81,2.81,2.81,5000
DEL,30-Apr-2015,2.95,3.00,2.95,3.00,13000
DEL,05-May-2015,3.00,3.00,2.71,2.71,15000
DEL,07-May-2015,3.02,3.02,2.80,2.80,2000
DEL,08-May-2015,3.00,3.01,2.75,2.76,10000
DEL,11-May-2015,3.00,3.00,2.99,3.00,26500
DEL,12-May-2015,3.00,3.00,2.80,2.80,20500
DEL,14-May-2015,2.98,2.98,2.81,2.81,5500
DEL,18-May-2015,2.99,2.99,2.99,2.99,500
DEL,19-May-2015,2.66,2.66,2.66,2.66,500
DEL,20-May-2015,3.00,3.00,2.99,3.00,9500
DEL,22-May-2015,2.90,2.90,2.76,2.76,2000
DEL,25-May-2015,3.00,3.00,3.00,3.00,2500
DEL,26-May-2015,3.00,3.00,2.75,2.75,6000
DEL,27-May-2015,3.00,3.00,2.80,3.00,31000
DEL,29-May-2015,2.75,3.00,2.75,3.00,9000
DEL,01-Jun-2015,3.00,3.00,3.00,3.00,5000
DEL,02-Jun-2015,3.00,3.00,3.00,3.00,3000
DEL,03-Jun-2015,3.10,3.10,2.85,2.85,21000
DEL,04-Jun-2015,3.00,3.00,3.00,3.00,12500
DEL,05-Jun-2015,3.00,3.00,3.00,3.00,10500
DEL,08-Jun-2015,3.00,3.10,3.00,3.00,23500
DEL,10-Jun-2015,2.85,3.00,2.85,3.00,1500
DEL,11-Jun-2015,3.00,3.00,3.00,3.00,5000
DEL,12-Jun-2015,3.00,3.00,3.00,3.00,1000
DEL,15-Jun-2015,2.85,2.85,2.85,2.85,1000
DEL,17-Jun-2015,3.00,3.13,3.00,3.00,2000
DEL,18-Jun-2015,2.95,3.35,2.95,3.20,113000
DEL,19-Jun-2015,3.10,3.40,3.10,3.40,1500
DEL,22-Jun-2015,3.44,3.49,3.44,3.49,5000
DEL,23-Jun-2015,3.09,3.10,3.09,3.10,15000
DEL,24-Jun-2015,3.09,3.10,2.95,2.95,4000
DEL,25-Jun-2015,3.20,3.20,3.10,3.15,35500
DEL,26-Jun-2015,3.00,3.00,3.00,3.00,7000
DEL,29-Jun-2015,3.00,3.00,3.00,3.00,15000
DEL,30-Jun-2015,3.05,3.05,3.05,3.05,500
DEL,01-Jul-2015,3.07,3.09,3.05,3.05,9500
DEL,02-Jul-2015,3.00,3.00,3.00,3.00,1500
DEL,03-Jul-2015,3.00,3.01,3.00,3.00,10000
DEL,06-Jul-2015,2.90,2.90,2.90,2.90,3500
DEL,07-Jul-2015,3.00,3.00,3.00,3.00,500
DEL,08-Jul-2015,2.90,2.90,2.90,2.90,500
DEL,09-Jul-2015,2.81,3.07,2.81,3.07,1500
DEL,10-Jul-2015,3.00,3.00,3.00,3.00,1500
DEL,14-Jul-2015,3.00,3.08,3.00,3.00,6000
DEL,15-Jul-2015,3.08,3.09,3.05,3.08,11000
DEL,16-Jul-2015,3.00,3.20,3.00,3.10,4500
DEL,22-Jul-2015,3.20,3.37,3.16,3.37,24000
DEL,23-Jul-2015,3.50,3.50,3.30,3.36,21000
DEL,24-Jul-2015,3.60,4.36,3.55,4.34,286500
DEL,27-Jul-2015,4.39,4.40,3.75,3.83,45000
DEL,28-Jul-2015,3.16,3.70,3.16,3.45,3500
DEL,29-Jul-2015,3.56,3.56,3.55,3.55,1000
DEL,30-Jul-2015,3.56,3.56,3.36,3.50,9500
DEL,31-Jul-2015,3.70,3.70,3.70,3.70,500
DEL,03-Aug-2015,3.35,3.49,3.11,3.45,30000
DEL,04-Aug-2015,3.50,3.50,3.20,3.25,41000
DEL,05-Aug-2015,3.35,3.40,3.35,3.40,9500
DEL,06-Aug-2015,3.65,3.70,3.46,3.59,18500
DEL,07-Aug-2015,3.01,3.80,3.01,3.74,7000
DEL,10-Aug-2015,3.66,3.70,3.61,3.70,7500
DEL,11-Aug-2015,3.82,4.00,3.70,4.00,42000
DEL,12-Aug-2015,4.00,4.19,3.75,4.08,80000
DEL,13-Aug-2015,3.60,4.50,3.60,4.20,287000
DEL,17-Aug-2015,4.40,4.40,4.10,4.14,43000
DEL,18-Aug-2015,4.10,4.10,4.10,4.10,4000
DEL,19-Aug-2015,4.20,4.25,4.01,4.01,18500
DEL,20-Aug-2015,4.10,4.12,4.00,4.10,19000
DEL,21-Aug-2015,3.70,3.85,3.62,3.77,26500
DEL,24-Aug-2015,3.35,3.70,3.30,3.70,10500
DEL,25-Aug-2015,3.50,3.89,3.50,3.89,21500
DEL,26-Aug-2015,3.61,3.90,3.50,3.55,6500
DEL,27-Aug-2015,3.45,3.45,3.35,3.45,2000
DEL,28-Aug-2015,3.79,3.79,3.79,3.79,1000
DEL,01-Sep-2015,3.40,3.60,3.40,3.60,2500
DEL,02-Sep-2015,3.36,3.42,3.36,3.42,1000
DEL,03-Sep-2015,3.50,3.60,3.50,3.60,5500
DEL,04-Sep-2015,3.26,3.60,3.26,3.56,5000
DEL,07-Sep-2015,3.18,3.36,3.10,3.18,32000
DEL,09-Sep-2015,3.46,3.50,3.46,3.50,9000
DEL,10-Sep-2015,3.18,3.18,3.18,3.18,1000
DEL,11-Sep-2015,3.25,3.25,3.25,3.25,4500
DEL,14-Sep-2015,3.60,3.65,3.20,3.38,33500
DEL,16-Sep-2015,3.26,3.26,3.22,3.22,14500
DEL,17-Sep-2015,3.22,3.55,3.22,3.34,2500
DEL,18-Sep-2015,3.50,3.60,3.50,3.50,2500
DEL,22-Sep-2015,3.50,3.50,3.50,3.50,9500
DEL,23-Sep-2015,3.49,3.55,3.49,3.55,6000
DEL,28-Sep-2015,3.59,4.49,3.59,3.75,175000
DEL,29-Sep-2015,3.99,4.00,3.70,3.79,74500
DEL,30-Sep-2015,3.90,4.00,3.80,3.90,44500
DEL,01-Oct-2015,3.75,3.95,3.75,3.95,10500
DEL,02-Oct-2015,4.01,4.01,3.68,3.69,12000
DEL,05-Oct-2015,3.56,3.75,3.47,3.71,13000
DEL,06-Oct-2015,3.60,3.60,3.55,3.55,2000
DEL,07-Oct-2015,3.40,3.59,3.30,3.30,27500
DEL,08-Oct-2015,3.26,3.50,3.25,3.50,16500
DEL,09-Oct-2015,3.50,3.50,3.01,3.24,23500
DEL,12-Oct-2015,3.50,3.50,3.36,3.36,8000
DEL,13-Oct-2015,3.36,3.71,3.35,3.71,15500
DEL,14-Oct-2015,3.25,3.39,3.20,3.31,47500
DEL,15-Oct-2015,3.40,3.44,3.40,3.44,6000
DEL,16-Oct-2015,3.21,3.21,3.21,3.21,500
DEL,19-Oct-2015,3.10,3.38,3.10,3.38,1500
DEL,20-Oct-2015,2.66,3.39,2.66,3.39,1000
DEL,21-Oct-2015,3.04,3.43,3.04,3.36,84500
DEL,22-Oct-2015,3.20,3.34,3.20,3.34,1500
DEL,26-Oct-2015,3.11,3.38,3.11,3.30,7500
DEL,27-Oct-2015,3.11,3.33,3.11,3.33,1000
DEL,28-Oct-2015,3.11,3.38,3.11,3.34,1500
DEL,30-Oct-2015,3.00,3.23,3.00,3.18,10000
DEL,02-Nov-2015,3.06,3.25,3.06,3.25,3500
DEL,05-Nov-2015,3.20,3.20,3.20,3.20,3000
DEL,06-Nov-2015,3.03,3.12,3.03,3.12,2000
DEL,09-Nov-2015,3.09,3.23,3.09,3.23,2000
DEL,10-Nov-2015,3.05,3.05,3.00,3.02,20500
DEL,11-Nov-2015,2.61,3.10,2.61,3.10,2500
DEL,12-Nov-2015,3.03,3.10,3.03,3.10,13500
DEL,13-Nov-2015,3.03,3.05,2.96,3.05,46000
DEL,16-Nov-2015,3.20,3.20,3.00,3.15,74000
DEL,17-Nov-2015,3.06,3.06,3.05,3.05,10500
DEL,18-Nov-2015,3.01,3.11,3.01,3.11,4500
DEL,19-Nov-2015,3.39,3.55,3.30,3.37,95000
DEL,20-Nov-2015,3.30,3.40,3.30,3.31,13000
DEL,24-Nov-2015,3.12,3.25,3.10,3.20,21500
DEL,25-Nov-2015,3.10,3.38,3.10,3.37,2000
DEL,26-Nov-2015,3.10,3.19,3.06,3.19,30500
DEL,27-Nov-2015,3.37,3.37,3.37,3.37,500
DEL,30-Nov-2015,3.01,3.19,3.01,3.19,10500
DEL,01-Dec-2015,3.04,3.05,2.70,3.04,49000
DEL,03-Dec-2015,3.25,3.25,3.25,3.25,1000
DEL,09-Dec-2015,3.02,3.04,3.02,3.04,5500
DEL,10-Dec-2015,3.18,3.18,3.18,3.18,5000
DEL,11-Dec-2015,3.10,3.19,3.02,3.14,12000
DEL,14-Dec-2015,3.10,3.10,3.00,3.02,10000
DEL,15-Dec-2015,3.02,3.02,3.00,3.00,6500
DEL,16-Dec-2015,3.20,3.20,3.05,3.05,28500
DEL,17-Dec-2015,3.01,3.10,3.01,3.05,7000
DEL,18-Dec-2015,3.05,3.10,3.05,3.08,1500
DEL,28-Dec-2015,3.00,3.18,3.00,3.02,2000
DEL,30-Dec-2015,3.02,3.15,3.02,3.15,8000
DEL,31-Dec-2015,3.10,3.24,3.02,3.13,3500
DEL,04-Jan-2016,3.04,3.11,3.04,3.11,7000
DEL,05-Jan-2016,3.00,3.15,3.00,3.15,24000
DEL,06-Jan-2016,3.15,3.15,3.15,3.15,500
DEL,07-Jan-2016,3.00,3.00,3.00,3.00,10000
DEL,08-Jan-2016,3.02,3.49,3.01,3.49,44000
DEL,12-Jan-2016,3.22,3.25,3.22,3.25,25500
DEL,13-Jan-2016,3.10,3.10,3.10,3.10,10000
DEL,14-Jan-2016,3.00,3.00,3.00,3.00,74000
DEL,15-Jan-2016,2.99,2.99,2.95,2.99,2500
DEL,18-Jan-2016,3.01,3.10,3.01,3.10,20500
DEL,21-Jan-2016,3.02,3.02,3.02,3.02,500
DEL,27-Jan-2016,3.11,3.30,3.11,3.30,1500
DEL,28-Jan-2016,3.29,3.35,3.29,3.35,27000
DEL,01-Feb-2016,3.30,3.30,3.30,3.30,1000
DEL,02-Feb-2016,3.30,3.30,3.30,3.30,1500
DEL,03-Feb-2016,3.25,3.29,3.13,3.25,4500
DEL,09-Feb-2016,3.20,3.40,3.20,3.38,15500
DEL,10-Feb-2016,3.05,3.05,3.05,3.05,500
DEL,11-Feb-2016,3.20,3.20,3.20,3.20,1000
DEL,12-Feb-2016,3.20,3.25,3.00,3.25,9000
DEL,18-Feb-2016,3.48,3.48,3.48,3.48,500
DEL,25-Feb-2016,3.34,3.34,3.20,3.30,8000
DEL,26-Feb-2016,3.08,3.10,3.08,3.10,1500
DEL,01-Mar-2016,3.10,3.13,3.10,3.13,1500
DEL,02-Mar-2016,3.10,3.10,3.10,3.10,2000
DEL,03-Mar-2016,3.02,3.05,3.02,3.02,2000
DEL,07-Mar-2016,3.49,3.75,3.49,3.75,19000
DEL,09-Mar-2016,3.17,3.17,3.17,3.17,500
DEL,10-Mar-2016,3.10,3.10,3.00,3.00,10000
DEL,11-Mar-2016,3.01,3.19,3.00,3.19,11000
DEL,14-Mar-2016,3.20,3.95,3.13,3.18,33500
DEL,17-Mar-2016,3.12,3.12,3.11,3.11,5000
DEL,18-Mar-2016,3.20,3.20,3.00,3.00,12500
DEL,21-Mar-2016,3.10,3.10,3.10,3.10,1000
DEL,28-Mar-2016,3.03,3.03,3.00,3.01,36000
DEL,30-Mar-2016,3.01,3.03,3.01,3.03,1500
DEL,04-Apr-2016,3.11,3.11,2.80,3.03,5000
DEL,05-Apr-2016,3.20,3.20,3.05,3.05,43500
DEL,06-Apr-2016,3.11,3.11,3.00,3.10,4000
DEL,07-Apr-2016,3.10,3.20,3.10,3.13,5500
DEL,08-Apr-2016,2.80,2.90,2.80,2.90,1000
DEL,11-Apr-2016,3.10,3.10,3.08,3.08,5500
DEL,12-Apr-2016,3.03,3.10,3.03,3.10,6000
DEL,14-Apr-2016,3.06,3.15,3.06,3.15,3000
DEL,15-Apr-2016,3.09,3.09,3.04,3.04,2000
DEL,19-Apr-2016,3.14,3.14,3.13,3.13,2000
DEL,20-Apr-2016,3.14,3.20,3.14,3.15,2500
DEL,21-Apr-2016,3.20,3.23,3.20,3.23,1500
DEL,25-Apr-2016,3.06,3.06,3.05,3.05,5000
DEL,26-Apr-2016,3.01,3.05,3.00,3.05,2000
DEL,27-Apr-2016,3.10,3.10,3.10,3.10,2000
DEL,28-Apr-2016,3.50,3.50,3.02,3.05,3000
DEL,29-Apr-2016,3.00,3.00,3.00,3.00,500
DEL,04-May-2016,3.10,3.10,3.02,3.02,1500
DEL,09-May-2016,3.02,3.02,3.02,3.02,1500
DEL,12-May-2016,3.00,3.01,2.60,3.00,12500
DEL,20-May-2016,3.00,3.20,3.00,3.00,1000
DEL,23-May-2016,3.01,3.01,3.00,3.00,3000
DEL,26-May-2016,3.02,3.02,3.02,3.02,1000
DEL,27-May-2016,3.48,3.48,3.48,3.48,500
DEL,30-May-2016,3.02,3.02,3.02,3.02,500
DEL,31-May-2016,3.10,3.10,3.05,3.08,1000
DEL,02-Jun-2016,3.10,3.10,3.02,3.02,2000
DEL,03-Jun-2016,3.07,3.07,3.05,3.05,10000
DEL,06-Jun-2016,3.02,3.02,3.02,3.02,500
DEL,08-Jun-2016,3.02,3.02,3.00,3.01,2000
DEL,14-Jun-2016,3.05,3.05,3.05,3.05,1000
DEL,16-Jun-2016,3.02,3.02,3.02,3.02,500
DEL,24-Jun-2016,3.00,3.00,3.00,3.00,3000
DEL,28-Jun-2016,3.48,3.48,3.00,3.00,5500
DEL,29-Jun-2016,3.00,3.00,3.00,3.00,500
DEL,12-Jul-2016,3.00,3.00,2.90,3.00,1500
DEL,13-Jul-2016,3.20,3.20,3.20,3.20,1000
DEL,14-Jul-2016,3.25,3.25,3.25,3.25,500
DEL,18-Jul-2016,3.20,3.20,3.20,3.20,1000
DEL,19-Jul-2016,2.70,3.10,2.70,3.10,1000
DEL,20-Jul-2016,3.10,3.10,3.10,3.10,500
DEL,22-Jul-2016,3.00,3.13,3.00,3.12,2500
DEL,25-Jul-2016,3.13,3.13,3.13,3.13,500
DEL,26-Jul-2016,3.03,3.03,3.00,3.01,2500
DEL,27-Jul-2016,3.00,3.05,2.05,3.00,23500
DEL,28-Jul-2016,3.00,3.00,3.00,3.00,20500
DEL,29-Jul-2016,3.00,3.34,3.00,3.34,1500
DEL,01-Aug-2016,2.80,2.80,2.80,2.80,500
DEL,02-Aug-2016,3.00,3.00,3.00,3.00,1500
DEL,03-Aug-2016,3.00,3.00,2.90,2.96,4500
DEL,04-Aug-2016,3.00,3.00,3.00,3.00,4000
DEL,08-Aug-2016,3.34,3.34,3.34,3.34,1000
DEL,09-Aug-2016,3.10,3.10,3.10,3.10,1000
DEL,10-Aug-2016,2.90,2.90,2.88,2.88,4000
DEL,12-Aug-2016,3.10,3.10,3.10,3.10,500
DEL,15-Aug-2016,2.70,2.86,2.70,2.86,2000
DEL,16-Aug-2016,2.90,3.15,2.90,2.91,17000
DEL,17-Aug-2016,3.00,3.15,3.00,3.04,22000
DEL,19-Aug-2016,2.87,3.00,2.87,3.00,1000
DEL,22-Aug-2016,2.87,2.87,2.85,2.85,16000
DEL,23-Aug-2016,2.87,2.87,2.87,2.87,500
DEL,24-Aug-2016,2.90,2.90,2.90,2.90,500
DEL,25-Aug-2016,3.00,3.15,3.00,3.11,11000
DEL,26-Aug-2016,3.26,3.28,3.25,3.27,7500
DEL,29-Aug-2016,3.28,3.38,3.18,3.38,2500
DEL,30-Aug-2016,3.02,3.35,3.02,3.35,14000
DEL,01-Sep-2016,3.38,3.39,3.25,3.35,23000
DEL,02-Sep-2016,3.53,3.55,3.40,3.42,4500
DEL,06-Sep-2016,3.50,3.90,3.30,3.41,35000
DEL,07-Sep-2016,3.21,3.72,3.21,3.62,73000
DEL,08-Sep-2016,3.50,3.70,3.48,3.58,48000
DEL,09-Sep-2016,3.50,4.00,3.50,3.95,124500
DEL,15-Sep-2016,3.95,4.50,3.95,4.43,381500
DEL,16-Sep-2016,4.50,4.50,4.01,4.28,77000
DEL,19-Sep-2016,4.44,4.60,4.10,4.44,193500
DEL,20-Sep-2016,4.32,4.35,4.03,4.16,102500
DEL,21-Sep-2016,4.06,4.07,3.90,3.91,45000
DEL,22-Sep-2016,3.88,4.53,3.88,4.21,160500
DEL,23-Sep-2016,4.25,4.45,4.20,4.27,64000
DEL,26-Sep-2016,4.36,5.04,4.36,4.95,499500
DEL,27-Sep-2016,4.66,4.95,4.31,4.51,120000
DEL,28-Sep-2016,4.60,4.60,4.30,4.31,92500
DEL,29-Sep-2016,4.21,4.59,4.11,4.24,52000
DEL,30-Sep-2016,4.25,4.26,4.12,4.18,31000
DEL,03-Oct-2016,4.29,4.30,4.10,4.16,32000
DEL,04-Oct-2016,4.10,4.19,3.75,3.92,101000
DEL,05-Oct-2016,4.03,4.23,4.03,4.23,75500
DEL,06-Oct-2016,4.15,4.55,4.15,4.20,83500
DEL,07-Oct-2016,4.35,4.60,4.31,4.37,157000
DEL,10-Oct-2016,4.41,4.41,4.35,4.35,44500
DEL,13-Oct-2016,4.36,4.85,4.36,4.50,157500
DEL,14-Oct-2016,4.50,4.60,4.41,4.59,46500
DEL,17-Oct-2016,4.52,4.54,4.40,4.54,12500
DEL,18-Oct-2016,4.20,4.20,4.20,4.20,3000
DEL,19-Oct-2016,4.60,4.60,4.05,4.11,98000
DEL,20-Oct-2016,4.11,4.44,4.10,4.27,12000
DEL,21-Oct-2016,4.40,4.40,4.12,4.14,4500
DEL,24-Oct-2016,4.03,4.20,4.03,4.08,22000
DEL,25-Oct-2016,3.63,4.19,3.63,4.08,20000
DEL,26-Oct-2016,4.05,4.10,4.00,4.00,32500
DEL,27-Oct-2016,4.00,4.09,3.91,4.00,75500
DEL,28-Oct-2016,4.28,4.28,4.20,4.20,79000
DEL,31-Oct-2016,3.82,4.29,3.82,3.91,11000
DEL,01-Nov-2016,4.10,4.18,4.10,4.13,3500
DEL,02-Nov-2016,4.15,4.38,4.10,4.29,63500
DEL,03-Nov-2016,4.25,4.34,4.15,4.22,25500
DEL,04-Nov-2016,4.35,4.35,4.10,4.10,17000
DEL,07-Nov-2016,4.10,4.30,4.10,4.30,22500
DEL,08-Nov-2016,4.05,4.29,4.05,4.20,21000
DEL,09-Nov-2016,4.00,4.20,4.00,4.20,46000
DEL,10-Nov-2016,4.23,4.40,4.10,4.30,110000
DEL,11-Nov-2016,4.39,5.30,4.39,4.94,800500
DEL,14-Nov-2016,5.00,5.01,4.58,4.65,47000
DEL,15-Nov-2016,4.40,4.80,4.40,4.65,28000
DEL,16-Nov-2016,4.52,5.40,4.52,4.94,313500
DEL,17-Nov-2016,4.98,5.84,4.95,5.51,666500
DEL,18-Nov-2016,5.73,5.74,5.01,5.27,41500
DEL,21-Nov-2016,5.20,5.50,5.15,5.26,16000
DEL,22-Nov-2016,5.15,5.49,5.05,5.28,41000
DEL,23-Nov-2016,5.00,5.48,5.00,5.33,57000
DEL,24-Nov-2016,5.29,6.29,5.05,6.07,1592000
DEL,25-Nov-2016,6.35,6.48,5.83,5.90,620000
DEL,28-Nov-2016,6.00,6.90,6.00,6.90,926500
DEL,29-Nov-2016,7.40,7.90,7.05,7.46,823000
DEL,30-Nov-2016,7.79,7.79,7.00,7.26,216500
DEL,01-Dec-2016,7.48,7.48,7.01,7.19,79500
DEL,02-Dec-2016,7.19,7.30,7.00,7.16,44500
DEL,05-Dec-2016,7.00,7.19,6.97,6.99,19000
DEL,06-Dec-2016,7.00,7.25,6.90,7.11,120000
DEL,07-Dec-2016,6.76,6.90,6.67,6.71,18500
DEL,08-Dec-2016,6.54,6.99,6.51,6.55,29000
DEL,09-Dec-2016,6.51,7.01,6.51,6.95,27500
DEL,13-Dec-2016,7.00,7.04,6.74,6.76,23500
DEL,14-Dec-2016,6.52,6.84,6.51,6.80,8500
DEL,15-Dec-2016,6.90,6.96,6.80,6.80,38500
DEL,16-Dec-2016,6.70,6.89,6.60,6.77,28500
DEL,19-Dec-2016,6.95,6.95,6.46,6.60,11000
DEL,20-Dec-2016,6.50,6.70,6.50,6.65,67500
DEL,21-Dec-2016,6.40,6.70,6.30,6.64,73500
DEL,22-Dec-2016,6.44,6.59,6.30,6.34,31500
DEL,23-Dec-2016,7.34,7.34,7.00,7.34,456500
DEL,26-Dec-2016,8.30,8.34,7.76,8.06,809500
DEL,27-Dec-2016,8.09,8.09,7.06,7.16,210500
DEL,28-Dec-2016,7.10,7.22,7.06,7.20,58500
DEL,29-Dec-2016,7.06,7.34,6.73,6.90,107000
DEL,30-Dec-2016,6.75,6.94,6.70,6.71,41000
DEL,02-Jan-2017,6.70,7.07,6.61,6.86,48000
DEL,03-Jan-2017,6.76,6.88,6.65,6.80,15000
DEL,04-Jan-2017,6.71,6.94,6.70,6.70,31000
DEL,05-Jan-2017,6.71,6.71,6.40,6.63,42500
DEL,06-Jan-2017,6.84,6.85,6.45,6.59,20500
DEL,09-Jan-2017,6.89,7.10,6.78,6.80,46500
DEL,10-Jan-2017,6.60,6.97,6.60,6.68,71000
DEL,11-Jan-2017,7.00,7.68,6.96,7.68,441000
DEL,12-Jan-2017,8.45,8.68,8.05,8.68,752500
DEL,13-Jan-2017,8.97,9.40,8.65,9.01,841000
DEL,16-Jan-2017,8.50,8.80,8.20,8.27,174000
DEL,17-Jan-2017,8.26,8.30,7.40,7.78,176000
DEL,18-Jan-2017,7.75,7.98,7.70,7.71,27000
DEL,19-Jan-2017,7.76,8.25,7.70,7.94,142500
DEL,20-Jan-2017,7.90,8.15,7.85,7.98,77000
DEL,23-Jan-2017,7.98,8.10,7.85,7.90,23000
DEL,24-Jan-2017,7.70,8.90,7.70,8.40,607500
DEL,25-Jan-2017,7.85,8.40,7.85,8.14,43000
DEL,26-Jan-2017,7.86,8.44,7.86,8.30,23500
DEL,27-Jan-2017,8.30,8.40,7.70,8.01,488500
DEL,30-Jan-2017,8.01,8.24,7.80,7.81,171500
DEL,31-Jan-2017,8.00,8.00,7.62,7.85,40000
DEL,01-Feb-2017,7.73,7.89,7.72,7.89,6500
DEL,02-Feb-2017,7.90,7.99,7.50,7.51,16500
DEL,03-Feb-2017,7.50,7.50,7.05,7.28,119000
DEL,06-Feb-2017,7.21,7.50,7.20,7.27,261000
DEL,07-Feb-2017,6.81,8.27,6.81,7.40,289500
DEL,08-Feb-2017,7.51,7.70,7.51,7.59,92000
DEL,09-Feb-2017,7.50,7.60,7.50,7.54,24000
DEL,10-Feb-2017,7.41,7.50,7.38,7.38,5000
DEL,13-Feb-2017,7.88,7.88,7.32,7.45,38000
DEL,14-Feb-2017,7.21,7.31,7.21,7.23,4500
DEL,15-Feb-2017,7.22,7.64,7.22,7.31,43000
DEL,16-Feb-2017,6.41,7.58,6.41,7.40,33500
DEL,17-Feb-2017,7.03,7.55,7.00,7.01,171500
DEL,20-Feb-2017,7.01,7.01,7.00,7.01,6000
DEL,21-Feb-2017,7.13,7.18,6.85,6.89,16000
DEL,22-Feb-2017,6.88,6.95,6.88,6.95,15000
DEL,23-Feb-2017,6.79,6.81,6.79,6.81,6000
DEL,24-Feb-2017,7.00,7.00,6.96,6.98,1500
DEL,28-Feb-2017,6.22,6.51,6.22,6.51,5000
DEL,02-Mar-2017,6.76,7.17,6.76,7.11,8000
DEL,03-Mar-2017,7.11,7.27,7.00,7.00,6500
DEL,06-Mar-2017,6.75,6.75,6.75,6.75,3000
DEL,07-Mar-2017,6.42,7.00,6.42,7.00,3000
DEL,09-Mar-2017,6.50,7.00,6.40,7.00,9000
DEL,10-Mar-2017,6.63,6.70,6.55,6.67,5500
DEL,14-Mar-2017,6.14,6.16,6.14,6.16,1000
DEL,15-Mar-2017,6.50,6.59,6.50,6.50,6500
DEL,16-Mar-2017,6.11,6.50,6.11,6.26,6500
DEL,17-Mar-2017,6.31,6.31,6.31,6.31,500
DEL,20-Mar-2017,6.15,6.15,6.15,6.15,1000
DEL,21-Mar-2017,6.31,6.31,6.31,6.31,500
DEL,22-Mar-2017,6.46,6.69,6.40,6.46,21000
DEL,24-Mar-2017,7.28,7.28,7.00,7.00,2000
DEL,27-Mar-2017,6.55,6.55,6.53,6.53,3000
DEL,28-Mar-2017,6.40,6.90,6.31,6.90,8500
DEL,29-Mar-2017,6.50,6.55,6.50,6.50,2500
DEL,31-Mar-2017,7.20,7.20,7.20,7.20,500
DEL,03-Apr-2017,6.61,6.61,6.61,6.61,1000
DEL,04-Apr-2017,6.61,6.85,6.61,6.85,2000
DEL,05-Apr-2017,6.90,6.99,6.53,6.53,39000
DEL,06-Apr-2017,6.55,6.80,6.55,6.72,17500
DEL,07-Apr-2017,5.77,6.80,5.77,6.50,5000
DEL,10-Apr-2017,6.52,6.70,6.15,6.48,15000
DEL,11-Apr-2017,6.70,6.99,6.50,6.92,19500
DEL,12-Apr-2017,6.60,7.07,6.60,7.04,39000
DEL,13-Apr-2017,7.00,7.00,6.96,6.96,12000
DEL,14-Apr-2017,6.71,6.71,6.70,6.71,1000
DEL,17-Apr-2017,6.94,7.00,6.54,7.00,40500
DEL,18-Apr-2017,7.25,7.25,7.01,7.01,4000
DEL,19-Apr-2017,6.75,7.00,6.70,6.97,12500
DEL,20-Apr-2017,6.93,7.21,6.93,7.20,37000
DEL,21-Apr-2017,6.51,7.09,6.51,7.05,14000
DEL,24-Apr-2017,7.25,7.65,7.15,7.35,30000
DEL,25-Apr-2017,7.91,7.91,7.00,7.43,32500
DEL,26-Apr-2017,7.26,7.30,7.25,7.27,3000
DEL,27-Apr-2017,7.25,7.40,7.25,7.36,11500
DEL,28-Apr-2017,7.25,7.25,7.20,7.20,8000
DEL,02-May-2017,6.65,6.65,6.60,6.65,2000
DEL,03-May-2017,7.10,7.20,7.10,7.10,5000
DEL,04-May-2017,7.25,7.25,6.81,6.82,7500
DEL,05-May-2017,6.75,6.80,6.51,6.80,4000
DEL,08-May-2017,6.81,6.85,6.80,6.80,33000
DEL,09-May-2017,6.60,6.61,6.60,6.60,1500
DEL,10-May-2017,6.99,7.20,6.99,7.20,4500
DEL,11-May-2017,6.76,7.09,6.75,6.79,4500
DEL,12-May-2017,6.80,6.80,6.80,6.80,1500
DEL,15-May-2017,6.90,6.90,6.90,6.90,1000
DEL,16-May-2017,7.00,7.00,7.00,7.00,2000
DEL,17-May-2017,6.80,7.00,6.80,7.00,33500
DEL,18-May-2017,6.90,6.90,6.85,6.85,2000
DEL,19-May-2017,7.00,7.00,6.80,7.00,12000
DEL,22-May-2017,6.80,7.50,6.05,6.95,29500
DEL,23-May-2017,6.45,7.19,6.45,7.04,26000
DEL,24-May-2017,7.00,7.01,7.00,7.00,12000
DEL,25-May-2017,6.81,7.01,6.81,7.01,9500
DEL,26-May-2017,6.91,7.35,6.91,7.05,24500
DEL,29-May-2017,7.15,8.05,7.15,7.59,51000
DEL,30-May-2017,7.80,8.00,7.55,7.66,41500
DEL,31-May-2017,7.70,7.95,7.41,7.45,29500
DEL,01-Jun-2017,7.55,7.70,7.10,7.27,32500
DEL,02-Jun-2017,6.99,7.29,6.99,7.02,20000
DEL,05-Jun-2017,7.02,7.50,7.02,7.50,12500
DEL,06-Jun-2017,6.71,7.89,6.71,7.89,40500
DEL,07-Jun-2017,7.30,7.30,7.03,7.03,10500
DEL,08-Jun-2017,7.48,7.49,7.30,7.30,4000
DEL,09-Jun-2017,7.10,7.10,7.10,7.10,2000
DEL,12-Jun-2017,7.00,7.00,6.50,6.50,20000
DEL,14-Jun-2017,6.51,6.55,6.51,6.55,126500
DEL,19-Jun-2017,6.95,6.95,6.95,6.95,3000
DEL,20-Jun-2017,6.80,6.80,6.14,6.29,14500
DEL,21-Jun-2017,5.80,6.39,5.80,6.39,13000
DEL,22-Jun-2017,5.50,6.50,5.50,6.50,30000
DEL,29-Jun-2017,5.61,6.25,5.61,6.25,1500
DEL,30-Jun-2017,5.70,6.49,5.70,6.00,11500
DEL,03-Jul-2017,5.90,5.90,5.03,5.50,5000
DEL,04-Jul-2017,6.30,6.30,5.99,5.99,2000
DEL,07-Jul-2017,6.00,6.00,6.00,6.00,500
DEL,10-Jul-2017,5.65,6.35,5.65,6.35,2000
DEL,11-Jul-2017,5.50,5.50,5.50,5.50,3500
DEL,12-Jul-2017,5.99,5.99,5.95,5.95,4500
DEL,13-Jul-2017,5.35,5.99,5.31,5.88,22000
DEL,17-Jul-2017,5.60,5.60,5.60,5.60,500
DEL,18-Jul-2017,6.00,6.00,6.00,6.00,1500
DEL,19-Jul-2017,5.99,5.99,5.56,5.56,1500
DEL,20-Jul-2017,6.14,6.14,6.14,6.14,500
DEL,21-Jul-2017,5.52,5.52,5.52,5.52,1000
DEL,24-Jul-2017,5.99,6.00,5.99,5.99,1500
DEL,25-Jul-2017,6.01,6.25,6.00,6.20,7500
DEL,26-Jul-2017,6.30,6.30,6.30,6.30,500
DEL,28-Jul-2017,5.50,5.50,5.50,5.50,2000
DEL,31-Jul-2017,5.86,6.20,5.86,6.04,4500
DEL,01-Aug-2017,6.80,6.80,6.50,6.68,2000
DEL,02-Aug-2017,6.75,6.75,6.50,6.50,2500
DEL,03-Aug-2017,6.79,6.79,6.79,6.79,1000
DEL,07-Aug-2017,6.21,6.50,6.15,6.50,31500
DEL,08-Aug-2017,6.15,6.20,6.10,6.15,11000
DEL,09-Aug-2017,6.30,6.30,6.30,6.30,1000
DEL,15-Aug-2017,6.01,6.01,5.30,5.32,858500
DEL,16-Aug-2017,6.15,6.15,5.61,5.72,5500
DEL,22-Aug-2017,5.11,5.11,5.11,5.11,500
DEL,23-Aug-2017,5.98,5.98,5.98,5.98,1000
DEL,24-Aug-2017,5.50,5.50,5.50,5.50,587000
DEL,25-Aug-2017,6.35,6.38,6.35,6.38,1000
DEL,29-Aug-2017,5.41,6.19,5.41,6.14,3000
DEL,31-Aug-2017,5.75,7.10,5.51,6.50,46500
DEL,05-Sep-2017,6.93,6.94,6.93,6.94,1000
DEL,06-Sep-2017,6.30,7.25,6.30,7.00,11500
DEL,07-Sep-2017,6.13,6.79,6.13,6.56,5000
DEL,11-Sep-2017,6.00,6.94,5.85,6.90,11500
DEL,12-Sep-2017,6.00,6.49,5.95,6.22,3000
DEL,13-Sep-2017,6.10,6.45,6.10,6.11,23000
DEL,14-Sep-2017,5.70,6.75,5.70,6.75,3500
DEL,15-Sep-2017,6.25,6.80,6.25,6.80,3500
DEL,18-Sep-2017,6.50,6.50,6.20,6.20,2000
DEL,19-Sep-2017,5.70,6.75,5.70,6.75,13500
DEL,21-Sep-2017,6.06,6.21,6.06,6.21,5500
DEL,22-Sep-2017,6.30,6.30,6.30,6.30,500
DEL,25-Sep-2017,6.25,6.25,6.25,6.25,500
DEL,26-Sep-2017,6.00,6.00,6.00,6.00,1000
DEL,29-Sep-2017,6.09,6.30,5.72,6.30,18500
DEL,04-Oct-2017,6.00,6.00,6.00,6.00,2000
DEL,05-Oct-2017,5.80,5.90,5.14,5.90,4000
DEL,06-Oct-2017,5.11,6.80,5.11,6.38,6000
DEL,09-Oct-2017,5.40,6.00,5.40,6.00,2000
DEL,10-Oct-2017,5.17,5.17,5.17,5.17,500
DEL,11-Oct-2017,5.25,5.25,5.25,5.25,1500
DEL,12-Oct-2017,4.50,4.50,4.50,4.50,1500
DEL,13-Oct-2017,5.00,5.00,3.72,4.82,14000
DEL,16-Oct-2017,4.26,4.94,4.26,4.94,1000
DEL,18-Oct-2017,4.25,4.85,4.25,4.45,1500
DEL,19-Oct-2017,4.50,4.74,4.50,4.74,4000
DEL,20-Oct-2017,4.80,4.80,4.80,4.80,1000
DEL,23-Oct-2017,5.43,5.44,4.51,4.51,2500
DEL,26-Oct-2017,4.51,4.51,4.50,4.50,21000
DEL,27-Oct-2017,4.40,4.40,4.40,4.40,500
DEL,30-Oct-2017,4.00,4.00,4.00,4.00,1500
DEL,31-Oct-2017,4.02,4.39,4.02,4.39,2000
DEL,01-Nov-2017,4.55,4.60,3.80,4.10,22500
DEL,02-Nov-2017,4.11,4.11,4.10,4.10,4000
DEL,08-Nov-2017,3.60,3.60,3.55,3.55,2000
DEL,09-Nov-2017,4.00,4.25,4.00,4.25,2500
DEL,10-Nov-2017,4.00,4.00,4.00,4.00,500
DEL,15-Nov-2017,3.91,3.91,3.91,3.91,1000
DEL,16-Nov-2017,4.00,4.00,4.00,4.00,500
DEL,28-Nov-2017,3.52,4.29,3.03,4.29,6500
DEL,06-Dec-2017,3.85,4.00,3.85,4.00,2500
DEL,11-Dec-2017,3.55,3.55,3.50,3.51,3000
DEL,12-Dec-2017,3.51,4.00,3.51,4.00,1500
DEL,18-Dec-2017,3.50,3.50,3.02,3.02,4500
DEL,22-Dec-2017,3.88,3.88,3.88,3.88,2000
DEL,02-Jan-2018,3.09,3.50,3.08,3.50,8000
DEL,03-Jan-2018,3.10,3.10,3.10,3.10,500
DEL,05-Jan-2018,3.00,3.00,3.00,3.00,10000
DEL,08-Jan-2018,3.01,3.55,3.01,3.21,3500
DEL,09-Jan-2018,3.17,3.40,3.17,3.40,5500
DEL,10-Jan-2018,3.65,3.69,3.52,3.52,2500
DEL,11-Jan-2018,3.36,3.36,3.35,3.36,1000
DEL,15-Jan-2018,3.05,3.45,3.05,3.45,2000
DEL,16-Jan-2018,3.40,3.66,3.40,3.45,5000
DEL,18-Jan-2018,3.45,3.45,3.21,3.21,2500
DEL,19-Jan-2018,3.20,3.20,3.20,3.20,1000
DEL,22-Jan-2018,3.69,4.17,3.69,4.17,7500
DEL,23-Jan-2018,4.00,4.00,3.90,3.90,2500
DEL,24-Jan-2018,4.06,4.06,4.06,4.06,500
DEL,25-Jan-2018,3.90,4.20,3.88,4.18,23500
DEL,26-Jan-2018,4.40,4.40,4.40,4.40,500
DEL,30-Jan-2018,4.45,4.84,4.45,4.75,21500
DEL,31-Jan-2018,4.20,4.75,4.16,4.74,7000
DEL,01-Feb-2018,4.52,4.88,4.50,4.79,6000
DEL,06-Feb-2018,4.40,4.40,4.40,4.40,2000
DEL,07-Feb-2018,4.51,4.51,4.50,4.51,4000
DEL,08-Feb-2018,4.45,4.90,4.45,4.89,9000
DEL,13-Feb-2018,5.43,5.43,5.43,5.43,500
DEL,14-Feb-2018,4.60,4.60,4.60,4.60,1000
DEL,15-Feb-2018,4.65,4.65,4.60,4.60,6500
DEL,20-Feb-2018,4.50,4.50,4.30,4.44,8000
DEL,21-Feb-2018,4.45,4.45,4.45,4.45,500
DEL,22-Feb-2018,4.50,4.50,4.11,4.31,1000
DEL,26-Feb-2018,4.25,4.50,4.25,4.50,4500
DEL,27-Feb-2018,4.27,4.60,4.25,4.30,10000
DEL,28-Feb-2018,4.10,4.10,4.00,4.00,2000
DEL,01-Mar-2018,3.10,4.24,3.10,4.24,1500
DEL,02-Mar-2018,4.29,4.30,4.29,4.30,1500
DEL,14-Mar-2018,4.00,4.00,4.00,4.00,500
DEL,15-Mar-2018,4.01,4.01,4.01,4.01,1500
DEL,16-Mar-2018,4.00,4.00,4.00,4.00,1000
DEL,19-Mar-2018,4.25,4.25,4.25,4.25,1000
DEL,20-Mar-2018,4.25,4.30,4.25,4.25,6000
DEL,21-Mar-2018,4.55,4.55,4.25,4.25,1000
DEL,22-Mar-2018,4.07,4.07,4.00,4.00,1500
DEL,27-Mar-2018,4.20,4.20,4.20,4.20,2000
DEL,29-Mar-2018,4.20,4.30,4.20,4.30,3500
DEL,30-Mar-2018,3.70,4.00,3.70,4.00,2500
DEL,02-Apr-2018,4.01,4.01,4.00,4.00,4000
DEL,03-Apr-2018,4.00,4.06,4.00,4.06,2000
DEL,04-Apr-2018,4.10,4.10,4.10,4.10,2000
DEL,05-Apr-2018,4.01,4.01,4.00,4.00,11000
DEL,06-Apr-2018,4.00,4.00,4.00,4.00,3500
DEL,09-Apr-2018,3.75,4.00,3.75,4.00,1000
DEL,10-Apr-2018,4.00,4.00,4.00,4.00,2500
DEL,11-Apr-2018,4.00,4.02,4.00,4.02,4000
DEL,12-Apr-2018,4.10,4.10,3.95,3.95,5000
DEL,13-Apr-2018,4.00,4.00,4.00,4.00,1000
DEL,16-Apr-2018,3.70,3.70,3.70,3.70,500
DEL,17-Apr-2018,3.85,3.85,3.80,3.80,4500
DEL,18-Apr-2018,3.72,4.00,3.72,4.00,15500
DEL,19-Apr-2018,3.83,3.83,3.83,3.83,500
DEL,20-Apr-2018,4.19,4.20,4.19,4.20,1500
DEL,23-Apr-2018,4.00,4.00,4.00,4.00,500
DEL,24-Apr-2018,4.00,4.20,3.90,4.15,4000
DEL,26-Apr-2018,4.16,4.16,4.16,4.16,1000
DEL,27-Apr-2018,4.00,4.00,4.00,4.00,500
DEL,30-Apr-2018,4.01,4.01,4.01,4.01,1000
DEL,02-May-2018,4.10,4.10,4.03,4.07,1000
DEL,03-May-2018,4.01,4.01,4.01,4.01,4000
DEL,07-May-2018,4.20,5.01,4.19,4.54,82500
DEL,08-May-2018,4.35,4.35,4.33,4.33,6000
DEL,10-May-2018,4.55,4.90,4.55,4.90,12000
DEL,11-May-2018,4.90,4.91,4.60,4.60,21500
DEL,14-May-2018,4.00,4.00,4.00,4.00,2500
DEL,15-May-2018,4.00,4.00,4.00,4.00,500
DEL,16-May-2018,4.00,4.00,3.65,3.95,4500
DEL,17-May-2018,4.50,4.71,4.50,4.71,2500
DEL,21-May-2018,4.00,4.50,4.00,4.50,4500
DEL,22-May-2018,4.01,4.01,4.01,4.01,1000
DEL,23-May-2018,4.01,4.10,4.00,4.10,10500
DEL,25-May-2018,3.81,3.81,3.50,3.65,15000
DEL,28-May-2018,4.10,4.10,4.10,4.10,500
DEL,30-May-2018,3.90,3.90,3.90,3.90,500
DEL,06-Jun-2018,3.90,3.90,3.80,3.80,1500
DEL,07-Jun-2018,4.20,4.20,4.20,4.20,500
DEL,14-Jun-2018,4.00,4.00,4.00,4.00,43000
DEL,20-Jun-2018,3.76,3.76,3.76,3.76,1000
DEL,21-Jun-2018,3.50,4.00,3.50,3.96,2000
DEL,25-Jun-2018,4.00,4.00,3.99,4.00,31500
DEL,26-Jun-2018,4.00,4.00,3.60,3.70,34000
DEL,27-Jun-2018,3.67,3.67,3.56,3.56,6000
DEL,28-Jun-2018,3.70,3.70,3.70,3.70,1500
DEL,02-Jul-2018,3.61,3.61,3.61,3.61,1000
DEL,05-Jul-2018,3.52,3.52,3.52,3.52,1000
DEL,09-Jul-2018,3.96,4.00,3.96,4.00,12500
DEL,10-Jul-2018,3.60,3.65,3.60,3.65,1500
DEL,17-Jul-2018,4.30,4.30,4.30,4.30,500
DEL,20-Jul-2018,4.00,4.00,4.00,4.00,2000
DEL,23-Jul-2018,4.48,4.48,4.48,4.48,1000
DEL,03-Aug-2018,3.90,3.90,3.90,3.90,1000
DEL,06-Aug-2018,4.00,4.00,4.00,4.00,500
DEL,13-Aug-2018,4.49,5.00,4.49,5.00,72000
DEL,15-Aug-2018,5.88,5.88,5.10,5.31,41500
DEL,16-Aug-2018,5.00,5.29,4.36,4.37,14500
DEL,17-Aug-2018,4.31,4.35,4.31,4.35,2500
DEL,20-Aug-2018,4.11,4.50,4.11,4.50,4000
DEL,24-Aug-2018,4.25,4.78,4.25,4.78,1000
DEL,03-Sep-2018,4.78,5.00,4.20,4.51,27500
DEL,04-Sep-2018,5.00,5.00,5.00,5.00,500
DEL,05-Sep-2018,4.75,4.75,4.75,4.75,500
DEL,06-Sep-2018,4.75,4.75,4.40,4.40,1000
DEL,11-Sep-2018,4.17,4.70,4.17,4.70,3000
DEL,12-Sep-2018,4.50,4.51,4.06,4.15,16000
DEL,13-Sep-2018,4.05,4.05,4.05,4.05,500
DEL,18-Sep-2018,4.01,4.02,4.01,4.02,2000
DEL,19-Sep-2018,4.01,4.01,4.00,4.01,13000
DEL,25-Sep-2018,3.70,3.70,3.61,3.61,1000
DEL,26-Sep-2018,3.51,4.29,3.51,4.29,2500
DEL,01-Oct-2018,3.51,3.51,3.51,3.51,1000
DEL,03-Oct-2018,3.25,4.20,3.25,4.15,1500
DEL,04-Oct-2018,3.62,3.63,3.62,3.63,1000
DEL,05-Oct-2018,3.51,3.51,3.51,3.51,500
DEL,08-Oct-2018,3.25,3.99,2.60,3.00,122500
DEL,09-Oct-2018,2.90,3.88,2.90,3.12,21000
DEL,10-Oct-2018,3.60,3.89,3.59,3.89,24000
DEL,12-Oct-2018,2.83,3.47,2.80,3.45,6500
DEL,16-Oct-2018,2.85,3.46,2.85,3.46,1000
DEL,17-Oct-2018,2.71,3.75,2.71,3.27,21000
DEL,18-Oct-2018,2.71,3.93,2.71,3.90,2500
DEL,19-Oct-2018,3.00,3.76,2.95,3.08,24000
DEL,22-Oct-2018,3.12,3.59,3.08,3.59,7500
DEL,23-Oct-2018,3.03,3.03,3.03,3.03,500
DEL,25-Oct-2018,3.04,3.21,3.02,3.05,12000
DEL,26-Oct-2018,2.76,3.70,2.76,3.15,6500
DEL,30-Oct-2018,3.20,3.20,3.20,3.20,1500
DEL,31-Oct-2018,3.20,3.20,3.10,3.10,1500
DEL,02-Nov-2018,3.10,3.40,3.10,3.40,2000
DEL,05-Nov-2018,3.02,3.04,3.01,3.03,2500
DEL,09-Nov-2018,3.00,3.00,3.00,3.00,500
DEL,12-Nov-2018,3.30,3.62,3.30,3.62,5000
DEL,13-Nov-2018,3.40,3.40,3.30,3.30,2000
DEL,14-Nov-2018,3.25,3.69,3.25,3.69,1000
DEL,15-Nov-2018,3.24,3.55,3.21,3.55,1500
DEL,19-Nov-2018,3.69,3.69,3.51,3.51,2000
DEL,20-Nov-2018,3.30,3.80,3.30,3.80,1500
DEL,23-Nov-2018,3.64,3.64,3.64,3.64,500
DEL,29-Nov-2018,3.15,3.15,3.15,3.15,500
DEL,30-Nov-2018,3.07,3.52,3.07,3.29,2000
DEL,04-Dec-2018,3.55,3.57,3.55,3.57,2000
DEL,07-Dec-2018,3.54,3.54,3.54,3.54,500
DEL,10-Dec-2018,3.10,3.10,3.10,3.10,5000
DEL,13-Dec-2018,3.05,3.05,3.00,3.00,7500
DEL,14-Dec-2018,3.20,3.20,2.90,2.94,300500
DEL,17-Dec-2018,3.01,3.01,3.00,3.00,11500
DEL,18-Dec-2018,3.01,3.01,3.01,3.01,5000
DEL,19-Dec-2018,3.00,3.00,3.00,3.00,8000
DEL,20-Dec-2018,3.00,3.00,3.00,3.00,5000
DEL,21-Dec-2018,2.70,3.00,2.31,3.00,8000
DEL,24-Dec-2018,2.79,2.80,2.79,2.80,1000
DEL,26-Dec-2018,2.70,2.70,2.70,2.70,500
DEL,27-Dec-2018,3.00,3.00,3.00,3.00,1500
DEL,31-Dec-2018,2.61,2.67,2.61,2.67,3000
DEL,02-Jan-2019,3.00,3.00,3.00,3.00,2000
DEL,07-Jan-2019,2.76,2.76,2.76,2.76,3000
DEL,10-Jan-2019,2.81,2.81,2.81,2.81,500
DEL,11-Jan-2019,2.99,2.99,2.99,2.99,500
DEL,15-Jan-2019,2.94,2.94,2.94,2.94,500
DEL,17-Jan-2019,2.77,2.90,2.73,2.74,2500
DEL,18-Jan-2019,3.00,3.00,3.00,3.00,1000
DEL,21-Jan-2019,3.04,3.04,3.00,3.00,2000
DEL,22-Jan-2019,3.04,3.04,3.04,3.04,1000
DEL,23-Jan-2019,3.05,3.05,3.05,3.05,500
DEL,24-Jan-2019,2.91,3.04,2.91,3.04,1000
DEL,28-Jan-2019,3.05,3.05,3.05,3.05,500
DEL,30-Jan-2019,3.04,3.04,2.93,2.99,2000
DEL,31-Jan-2019,3.00,3.00,2.85,3.00,27000
DEL,01-Feb-2019,3.05,3.05,3.05,3.05,30000
DEL,04-Feb-2019,3.00,3.70,3.00,3.60,95000
DEL,06-Feb-2019,3.23,3.26,3.23,3.25,2500
DEL,07-Feb-2019,3.25,3.25,3.15,3.22,11500
DEL,11-Feb-2019,3.16,3.16,3.02,3.03,5500
DEL,12-Feb-2019,3.01,3.18,2.77,3.16,6000
DEL,13-Feb-2019,3.00,3.00,3.00,3.00,500
DEL,18-Feb-2019,3.00,3.11,3.00,3.11,2500
DEL,27-Feb-2019,2.54,2.54,2.54,2.54,500
DEL,28-Feb-2019,3.00,3.09,3.00,3.05,2000
DEL,01-Mar-2019,2.70,3.27,2.70,3.00,3000
DEL,05-Mar-2019,3.00,3.00,3.00,3.00,3000
DEL,06-Mar-2019,2.71,2.71,2.70,2.70,1000
DEL,07-Mar-2019,3.00,3.00,2.90,2.90,1500
DEL,08-Mar-2019,2.78,3.01,2.78,3.01,1500
DEL,12-Mar-2019,2.81,2.81,2.81,2.81,500
DEL,15-Mar-2019,2.80,3.00,2.80,2.82,2500
DEL,18-Mar-2019,2.61,2.61,2.60,2.60,1000
DEL,19-Mar-2019,3.00,3.00,3.00,3.00,500
DEL,21-Mar-2019,3.00,3.00,3.00,3.00,8000
DEL,22-Mar-2019,2.82,2.82,2.81,2.81,1000
DEL,25-Mar-2019,3.09,3.25,3.09,3.09,1500
DEL,26-Mar-2019,2.83,2.83,2.77,2.83,4500
DEL,27-Mar-2019,2.72,2.85,2.72,2.85,1000
DEL,01-Apr-2019,2.61,2.98,2.61,2.98,13500
DEL,03-Apr-2019,2.87,2.87,2.66,2.66,10000
DEL,08-Apr-2019,2.58,2.90,2.58,2.66,8000
DEL,24-Apr-2019,2.75,2.75,2.18,2.75,9500
DEL,25-Apr-2019,2.60,2.60,2.60,2.60,5000
DEL,26-Apr-2019,2.50,2.50,2.50,2.50,10500
DEL,29-Apr-2019,2.83,2.85,2.70,2.78,59000
DEL,30-Apr-2019,2.66,2.72,2.66,2.72,2000
DEL,02-May-2019,2.73,2.73,2.70,2.70,17500
DEL,07-May-2019,2.45,2.45,2.45,2.45,500
DEL,08-May-2019,2.50,2.50,2.50,2.50,12500
DEL,09-May-2019,2.45,2.45,2.45,2.45,6000
DEL,17-May-2019,2.00,2.00,2.00,2.00,1000
DEL,20-May-2019,2.62,2.65,2.62,2.65,1000
DEL,21-May-2019,2.67,2.67,2.67,2.67,500
DEL,22-May-2019,2.40,2.44,2.34,2.42,16500
DEL,23-May-2019,2.64,2.65,2.64,2.65,5500
DEL,27-May-2019,2.73,2.73,2.73,2.73,2500
DEL,29-May-2019,2.64,2.64,2.64,2.64,5000
DEL,10-Jun-2019,2.21,2.21,2.20,2.20,11000
DEL,14-Jun-2019,2.21,2.35,2.21,2.35,15000
DEL,17-Jun-2019,2.21,2.21,2.21,2.21,2000
DEL,20-Jun-2019,2.56,2.56,2.56,2.56,4000
DEL,21-Jun-2019,2.26,2.26,2.26,2.26,15000
DEL,25-Jun-2019,2.54,2.54,2.54,2.54,2000
DEL,02-Jul-2019,2.03,2.53,2.03,2.53,3000
DEL,03-Jul-2019,2.53,2.53,2.41,2.41,7000
DEL,09-Jul-2019,2.23,2.23,2.22,2.22,11000
DEL,10-Jul-2019,2.23,2.23,2.23,2.23,2000
DEL,11-Jul-2019,2.10,2.50,2.10,2.50,1500
DEL,18-Jul-2019,2.21,2.21,2.21,2.21,5000
DEL,26-Jul-2019,2.04,2.21,2.02,2.21,2000
DEL,30-Jul-2019,2.45,2.47,2.45,2.47,1000
DEL,01-Aug-2019,2.48,2.51,2.21,2.21,6000
DEL,05-Aug-2019,2.05,2.05,2.01,2.01,11000
DEL,06-Aug-2019,2.20,2.20,2.20,2.20,2000
DEL,07-Aug-2019,2.01,2.19,2.01,2.19,1000
DEL,19-Aug-2019,1.65,1.65,1.65,1.65,2000
DEL,20-Aug-2019,2.15,2.19,2.15,2.17,1000
DEL,21-Aug-2019,1.66,2.19,1.66,2.19,5000
DEL,22-Aug-2019,2.20,2.20,2.20,2.20,2000
